parent,role,method,published_records,scope,next_action
CFL_easy_instance_0,test,unguided_control,0,published_MVP1_solver_table_only,check_HPC_coverage_before_proposing_solve
CFL_easy_instance_0,test,root_lp_matched_partial_start,0,published_MVP1_solver_table_only,check_HPC_coverage_before_proposing_solve
CFL_easy_instance_0,test,gnn_class_aware_partial_start,0,published_MVP1_solver_table_only,check_HPC_coverage_before_proposing_solve
CFL_easy_instance_14,test,unguided_control,0,published_MVP1_solver_table_only,check_HPC_coverage_before_proposing_solve
CFL_easy_instance_14,test,root_lp_matched_partial_start,0,published_MVP1_solver_table_only,check_HPC_coverage_before_proposing_solve
CFL_easy_instance_14,test,gnn_class_aware_partial_start,0,published_MVP1_solver_table_only,check_HPC_coverage_before_proposing_solve
CFL_easy_instance_27,test,unguided_control,0,published_MVP1_solver_table_only,check_HPC_coverage_before_proposing_solve
CFL_easy_instance_27,test,root_lp_matched_partial_start,0,published_MVP1_solver_table_only,check_HPC_coverage_before_proposing_solve
CFL_easy_instance_27,test,gnn_class_aware_partial_start,0,published_MVP1_solver_table_only,check_HPC_coverage_before_proposing_solve
CFL_easy_instance_29,test,unguided_control,0,published_MVP1_solver_table_only,check_HPC_coverage_before_proposing_solve
CFL_easy_instance_29,test,root_lp_matched_partial_start,0,published_MVP1_solver_table_only,check_HPC_coverage_before_proposing_solve
CFL_easy_instance_29,test,gnn_class_aware_partial_start,0,published_MVP1_solver_table_only,check_HPC_coverage_before_proposing_solve
CFL_easy_instance_3,test,unguided_control,0,published_MVP1_solver_table_only,check_HPC_coverage_before_proposing_solve
CFL_easy_instance_3,test,root_lp_matched_partial_start,0,published_MVP1_solver_table_only,check_HPC_coverage_before_proposing_solve
CFL_easy_instance_3,test,gnn_class_aware_partial_start,0,published_MVP1_solver_table_only,check_HPC_coverage_before_proposing_solve
CFL_easy_instance_6,test,unguided_control,0,published_MVP1_solver_table_only,check_HPC_coverage_before_proposing_solve
CFL_easy_instance_6,test,root_lp_matched_partial_start,0,published_MVP1_solver_table_only,check_HPC_coverage_before_proposing_solve
CFL_easy_instance_6,test,gnn_class_aware_partial_start,0,published_MVP1_solver_table_only,check_HPC_coverage_before_proposing_solve
CFL_medium_instance_0,test,unguided_control,1,published_MVP1_solver_table_only,compatibility_review_not_new_control
CFL_medium_instance_0,test,root_lp_matched_partial_start,1,published_MVP1_solver_table_only,compatibility_review_not_new_control
CFL_medium_instance_0,test,gnn_class_aware_partial_start,1,published_MVP1_solver_table_only,compatibility_review_not_new_control
CFL_medium_instance_12,test,unguided_control,1,published_MVP1_solver_table_only,compatibility_review_not_new_control
CFL_medium_instance_12,test,root_lp_matched_partial_start,1,published_MVP1_solver_table_only,compatibility_review_not_new_control
CFL_medium_instance_12,test,gnn_class_aware_partial_start,1,published_MVP1_solver_table_only,compatibility_review_not_new_control
CFL_medium_instance_13,train,unguided_control,0,published_MVP1_solver_table_only,check_HPC_coverage_before_proposing_solve
CFL_medium_instance_13,train,root_lp_matched_partial_start,0,published_MVP1_solver_table_only,check_HPC_coverage_before_proposing_solve
CFL_medium_instance_13,train,gnn_class_aware_partial_start,0,published_MVP1_solver_table_only,check_HPC_coverage_before_proposing_solve
CFL_medium_instance_20,test,unguided_control,1,published_MVP1_solver_table_only,compatibility_review_not_new_control
CFL_medium_instance_20,test,root_lp_matched_partial_start,1,published_MVP1_solver_table_only,compatibility_review_not_new_control
CFL_medium_instance_20,test,gnn_class_aware_partial_start,1,published_MVP1_solver_table_only,compatibility_review_not_new_control
CFL_medium_instance_26,train,unguided_control,0,published_MVP1_solver_table_only,check_HPC_coverage_before_proposing_solve
CFL_medium_instance_26,train,root_lp_matched_partial_start,0,published_MVP1_solver_table_only,check_HPC_coverage_before_proposing_solve
CFL_medium_instance_26,train,gnn_class_aware_partial_start,0,published_MVP1_solver_table_only,check_HPC_coverage_before_proposing_solve
CFL_medium_instance_4,test,unguided_control,1,published_MVP1_solver_table_only,compatibility_review_not_new_control
CFL_medium_instance_4,test,root_lp_matched_partial_start,1,published_MVP1_solver_table_only,compatibility_review_not_new_control
CFL_medium_instance_4,test,gnn_class_aware_partial_start,1,published_MVP1_solver_table_only,compatibility_review_not_new_control
CFL_medium_instance_5,validation,unguided_control,1,published_MVP1_solver_table_only,compatibility_review_not_new_control
CFL_medium_instance_5,validation,root_lp_matched_partial_start,1,published_MVP1_solver_table_only,compatibility_review_not_new_control
CFL_medium_instance_5,validation,gnn_class_aware_partial_start,1,published_MVP1_solver_table_only,compatibility_review_not_new_control
CFL_medium_instance_6,validation,unguided_control,1,published_MVP1_solver_table_only,compatibility_review_not_new_control
CFL_medium_instance_6,validation,root_lp_matched_partial_start,1,published_MVP1_solver_table_only,compatibility_review_not_new_control
CFL_medium_instance_6,validation,gnn_class_aware_partial_start,1,published_MVP1_solver_table_only,compatibility_review_not_new_control
CFL_medium_instance_7,test,unguided_control,1,published_MVP1_solver_table_only,compatibility_review_not_new_control
CFL_medium_instance_7,test,root_lp_matched_partial_start,1,published_MVP1_solver_table_only,compatibility_review_not_new_control
CFL_medium_instance_7,test,gnn_class_aware_partial_start,1,published_MVP1_solver_table_only,compatibility_review_not_new_control
CFL_medium_instance_9,test,unguided_control,1,published_MVP1_solver_table_only,compatibility_review_not_new_control
CFL_medium_instance_9,test,root_lp_matched_partial_start,1,published_MVP1_solver_table_only,compatibility_review_not_new_control
CFL_medium_instance_9,test,gnn_class_aware_partial_start,1,published_MVP1_solver_table_only,compatibility_review_not_new_control
