parent,alias,difficulty,role,variables,constraints,nonzeros,density,binary_variables,integer_variables,continuous_variables,discrete_targets,positive_discrete_targets,positive_prevalence,label_gap_declared,mean_variable_degree,mean_constraint_degree,clipped_or_infinite_entries
CFL_easy_instance_0,F0,easy,test,160400,800,320400,0.0024968827930174566,148000,0,12400,148000,378,0.0025540540540540542,0.0,1.9975062344139651,400.5,0
CFL_easy_instance_1,F1,easy,validation,160400,800,320400,0.0024968827930174566,148400,0,12000,148400,380,0.002560646900269542,0.0,1.9975062344139651,400.5,0
CFL_easy_instance_10,F10,easy,validation,160400,800,320400,0.0024968827930174566,149200,0,11200,149200,384,0.00257372654155496,0.0,1.9975062344139651,400.5,0
CFL_easy_instance_11,F11,easy,validation,160400,800,320400,0.0024968827930174566,144800,0,15600,144800,372,0.002569060773480663,0.0,1.9975062344139651,400.5,0
CFL_easy_instance_12,F12,easy,validation,160400,800,320400,0.0024968827930174566,148800,0,11600,148800,381,0.002560483870967742,0.0,1.9975062344139651,400.5,0
CFL_easy_instance_13,F13,easy,train,160400,800,320400,0.0024968827930174566,142400,0,18000,142400,366,0.0025702247191011236,0.0,1.9975062344139651,400.5,0
CFL_easy_instance_14,F14,easy,test,160400,800,320400,0.0024968827930174566,145200,0,15200,145200,373,0.002568870523415978,0.0,1.9975062344139651,400.5,0
CFL_easy_instance_15,F15,easy,train,160400,800,320400,0.0024968827930174566,150400,0,10000,150400,386,0.002566489361702128,0.0,1.9975062344139651,400.5,0
CFL_easy_instance_16,F16,easy,train,160400,800,320400,0.0024968827930174566,146400,0,14000,146400,377,0.002575136612021858,0.0,1.9975062344139651,400.5,0
CFL_easy_instance_17,F17,easy,train,160400,800,320400,0.0024968827930174566,143600,0,16800,143600,368,0.002562674094707521,0.0,1.9975062344139651,400.5,0
CFL_easy_instance_18,F18,easy,train,160400,800,320400,0.0024968827930174566,145600,0,14800,145600,374,0.0025686813186813185,0.0,1.9975062344139651,400.5,0
CFL_easy_instance_19,F19,easy,train,160400,800,320400,0.0024968827930174566,145200,0,15200,145200,374,0.002575757575757576,0.0,1.9975062344139651,400.5,0
CFL_easy_instance_2,F2,easy,train,160400,800,320400,0.0024968827930174566,147200,0,13200,147200,377,0.002561141304347826,5.972665213798435e-10,1.9975062344139651,400.5,0
CFL_easy_instance_20,F20,easy,train,160400,800,320400,0.0024968827930174566,147200,0,13200,147200,379,0.002574728260869565,0.0,1.9975062344139651,400.5,0
CFL_easy_instance_21,F21,easy,train,160400,800,320400,0.0024968827930174566,148400,0,12000,148400,382,0.002574123989218329,0.0,1.9975062344139651,400.5,0
CFL_easy_instance_22,F22,easy,train,160400,800,320400,0.0024968827930174566,143200,0,17200,143200,367,0.002562849162011173,0.0,1.9975062344139651,400.5,0
CFL_easy_instance_23,F23,easy,train,160400,800,320400,0.0024968827930174566,148000,0,12400,148000,380,0.0025675675675675674,0.0,1.9975062344139651,400.5,0
CFL_easy_instance_24,F24,easy,train,160400,800,320400,0.0024968827930174566,145600,0,14800,145600,374,0.0025686813186813185,0.0,1.9975062344139651,400.5,0
CFL_easy_instance_25,F25,easy,train,160400,800,320400,0.0024968827930174566,147600,0,12800,147600,380,0.002574525745257453,0.0,1.9975062344139651,400.5,0
CFL_easy_instance_26,F26,easy,train,160400,800,320400,0.0024968827930174566,146000,0,14400,146000,375,0.0025684931506849314,0.0,1.9975062344139651,400.5,0
CFL_easy_instance_27,F27,easy,test,160400,800,320400,0.0024968827930174566,148800,0,11600,148800,383,0.0025739247311827957,0.0,1.9975062344139651,400.5,0
CFL_easy_instance_28,F28,easy,train,160400,800,320400,0.0024968827930174566,144800,0,15600,144800,372,0.002569060773480663,0.0,1.9975062344139651,400.5,0
CFL_easy_instance_29,F29,easy,test,160400,800,320400,0.0024968827930174566,147200,0,13200,147200,379,0.002574728260869565,0.0,1.9975062344139651,400.5,0
CFL_easy_instance_3,F3,easy,test,160400,800,320400,0.0024968827930174566,147200,0,13200,147200,377,0.002561141304347826,0.0,1.9975062344139651,400.5,0
CFL_easy_instance_4,F4,easy,validation,160400,800,320400,0.0024968827930174566,145200,0,15200,145200,373,0.002568870523415978,0.0,1.9975062344139651,400.5,0
CFL_easy_instance_5,F5,easy,train,160400,800,320400,0.0024968827930174566,146800,0,13600,146800,377,0.0025681198910081746,0.0,1.9975062344139651,400.5,0
CFL_easy_instance_6,F6,easy,test,160400,800,320400,0.0024968827930174566,145600,0,14800,145600,374,0.0025686813186813185,0.0,1.9975062344139651,400.5,0
CFL_easy_instance_7,F7,easy,train,160400,800,320400,0.0024968827930174566,143600,0,16800,143600,369,0.0025696378830083566,0.0,1.9975062344139651,400.5,0
CFL_easy_instance_8,F8,easy,train,160400,800,320400,0.0024968827930174566,148000,0,12400,148000,379,0.002560810810810811,0.0,1.9975062344139651,400.5,0
CFL_easy_instance_9,F9,easy,validation,160400,800,320400,0.0024968827930174566,146000,0,14400,146000,374,0.002561643835616438,0.0,1.9975062344139651,400.5,0
CFL_medium_instance_0,M0,medium,test,1281600,2400,2561600,0.0008328131502288806,1152000,0,129600,1152000,743,0.0006449652777777777,0.06966822782913246,1.9987515605493134,1067.3333333333333,0
CFL_medium_instance_1,M1,medium,train,1281600,2400,2561600,0.0008328131502288806,1169600,0,112000,1169600,753,0.0006438098495212038,0.07246012290707497,1.9987515605493134,1067.3333333333333,0
CFL_medium_instance_10,M10,medium,train,1281600,2400,2561600,0.0008328131502288806,1152000,0,129600,1152000,743,0.0006449652777777777,0.0,1.9987515605493134,1067.3333333333333,0
CFL_medium_instance_11,M11,medium,validation,1281600,2400,2561600,0.0008328131502288806,1164800,0,116800,1164800,751,0.0006447458791208791,9.90632180572245e-05,1.9987515605493134,1067.3333333333333,0
CFL_medium_instance_12,M12,medium,test,1281600,2400,2561600,0.0008328131502288806,1156800,0,124800,1156800,746,0.0006448824343015214,9.895906734778642e-05,1.9987515605493134,1067.3333333333333,0
CFL_medium_instance_14,M14,medium,validation,1281600,2400,2561600,0.0008328131502288806,1169600,0,112000,1169600,752,0.0006429548563611491,9.880669744107652e-05,1.9987515605493134,1067.3333333333333,0
CFL_medium_instance_15,M15,medium,train,1281600,2400,2561600,0.0008328131502288806,1180800,0,100800,1180800,758,0.0006419376693766938,0.059788637375943796,1.9987515605493134,1067.3333333333333,0
CFL_medium_instance_16,M16,medium,train,1281600,2400,2561600,0.0008328131502288806,1168000,0,113600,1168000,754,0.0006455479452054794,0.0,1.9987515605493134,1067.3333333333333,0
CFL_medium_instance_17,M17,medium,validation,1281600,2400,2561600,0.0008328131502288806,1163200,0,118400,1163200,748,0.0006430536451169189,0.04998847064261424,1.9987515605493134,1067.3333333333333,0
CFL_medium_instance_18,M18,medium,train,1281600,2400,2561600,0.0008328131502288806,1150400,0,131200,1150400,742,0.0006449930458970793,0.061104040797673946,1.9987515605493134,1067.3333333333333,0
CFL_medium_instance_19,M19,medium,validation,1281600,2400,2561600,0.0008328131502288806,1185600,0,96000,1185600,765,0.0006452429149797571,0.04502246852948924,1.9987515605493134,1067.3333333333333,0
CFL_medium_instance_2,M2,medium,train,1281600,2400,2561600,0.0008328131502288806,1136000,0,145600,1136000,731,0.0006434859154929578,0.012060627477751487,1.9987515605493134,1067.3333333333333,0
CFL_medium_instance_21,M21,medium,train,1281600,2400,2561600,0.0008328131502288806,1153600,0,128000,1153600,742,0.0006432038834951456,0.09963314040629058,1.9987515605493134,1067.3333333333333,0
CFL_medium_instance_22,M22,medium,train,1281600,2400,2561600,0.0008328131502288806,1171200,0,110400,1171200,756,0.0006454918032786886,0.010058887998931145,1.9987515605493134,1067.3333333333333,0
CFL_medium_instance_23,M23,medium,train,1281600,2400,2561600,0.0008328131502288806,1166400,0,115200,1166400,750,0.0006430041152263374,7.107760096338719e-05,1.9987515605493134,1067.3333333333333,0
CFL_medium_instance_24,M24,medium,train,1281600,2400,2561600,0.0008328131502288806,1164800,0,116800,1164800,750,0.0006438873626373626,0.0310384147978141,1.9987515605493134,1067.3333333333333,0
CFL_medium_instance_25,M25,medium,train,1281600,2400,2561600,0.0008328131502288806,1158400,0,123200,1158400,747,0.0006448549723756906,8.925116762612713e-05,1.9987515605493134,1067.3333333333333,0
CFL_medium_instance_27,M27,medium,train,1281600,2400,2561600,0.0008328131502288806,1164800,0,116800,1164800,755,0.000648179945054945,0.0,1.9987515605493134,1067.3333333333333,0
CFL_medium_instance_28,M28,medium,train,1281600,2400,2561600,0.0008328131502288806,1174400,0,107200,1174400,758,0.0006454359673024523,0.0,1.9987515605493134,1067.3333333333333,0
CFL_medium_instance_29,M29,medium,train,1281600,2400,2561600,0.0008328131502288806,1193600,0,88000,1193600,769,0.000644269436997319,0.0,1.9987515605493134,1067.3333333333333,0
CFL_medium_instance_3,M3,medium,train,1281600,2400,2561600,0.0008328131502288806,1188800,0,92800,1188800,762,0.0006409825033647376,0.0831145261253991,1.9987515605493134,1067.3333333333333,0
CFL_medium_instance_4,M4,medium,test,1281600,2400,2561600,0.0008328131502288806,1188800,0,92800,1188800,766,0.0006443472409152087,0.08292930568986612,1.9987515605493134,1067.3333333333333,0
CFL_medium_instance_7,M7,medium,test,1281600,2400,2561600,0.0008328131502288806,1156800,0,124800,1156800,746,0.0006448824343015214,0.031186630905388292,1.9987515605493134,1067.3333333333333,0
CFL_medium_instance_8,M8,medium,train,1281600,2400,2561600,0.0008328131502288806,1174400,0,107200,1174400,755,0.0006428814713896457,0.022203736269829334,1.9987515605493134,1067.3333333333333,0
