difficulty,role,metric,count,missing,minimum,q1,median,q3,maximum,mean
easy,test,variables,6,0,160400,160400.0,160400.0,160400.0,160400,160400.0
easy,test,constraints,6,0,800,800.0,800.0,800.0,800,800.0
easy,test,nonzeros,6,0,320400,320400.0,320400.0,320400.0,320400,320400.0
easy,test,density,6,0,0.0024968827930174566,0.0024968827930174566,0.0024968827930174566,0.0024968827930174566,0.0024968827930174566,0.0024968827930174566
easy,test,binary_variables,6,0,145200,146000.0,147200.0,147800.0,148800,147000.0
easy,test,integer_variables,6,0,0,0.0,0.0,0.0,0,0.0
easy,test,continuous_variables,6,0,11600,12600.0,13200.0,14400.0,15200,13400.0
easy,test,discrete_targets,6,0,145200,146000.0,147200.0,147800.0,148800,147000.0
easy,test,positive_discrete_targets,6,0,373,374.75,377.5,378.75,383,377.3333333333333
easy,test,positive_prevalence,6,0,0.0025540540540540542,0.002563026307931199,0.0025687759210486485,0.002572661179241091,0.002574728260869565,0.002566900032091923
easy,test,label_gap_declared,6,0,0.0,0.0,0.0,0.0,0.0,0.0
easy,test,mean_variable_degree,6,0,1.9975062344139651,1.9975062344139651,1.9975062344139651,1.9975062344139651,1.9975062344139651,1.9975062344139651
easy,test,mean_constraint_degree,6,0,400.5,400.5,400.5,400.5,400.5,400.5
easy,test,clipped_or_infinite_entries,6,0,0,0.0,0.0,0.0,0,0.0
easy,train,variables,18,0,160400,160400.0,160400.0,160400.0,160400,160400.0
easy,train,constraints,18,0,800,800.0,800.0,800.0,800,800.0
easy,train,nonzeros,18,0,320400,320400.0,320400.0,320400.0,320400,320400.0
easy,train,density,18,0,0.0024968827930174566,0.0024968827930174566,0.0024968827930174566,0.0024968827930174566,0.0024968827930174566,0.0024968827930174566
easy,train,binary_variables,18,0,142400,144900.0,146200.0,147500.0,150400,146111.11111111112
easy,train,integer_variables,18,0,0,0.0,0.0,0.0,0,0.0
easy,train,continuous_variables,18,0,10000,12900.0,14200.0,15500.0,18000,14288.888888888889
easy,train,discrete_targets,18,0,142400,144900.0,146200.0,147500.0,150400,146111.11111111112
easy,train,positive_discrete_targets,18,0,366,372.5,376.0,379.0,386,375.3333333333333
easy,train,positive_prevalence,18,0,0.002560810810810811,0.0025667589131684876,0.0025686813186813185,0.002573149171689028,0.002575757575757576,0.0025688168632732053
easy,train,label_gap_declared,18,0,0.0,0.0,0.0,0.0,5.972665213798435e-10,3.318147340999131e-11
easy,train,mean_variable_degree,18,0,1.9975062344139651,1.9975062344139651,1.9975062344139651,1.9975062344139651,1.9975062344139651,1.9975062344139647
easy,train,mean_constraint_degree,18,0,400.5,400.5,400.5,400.5,400.5,400.5
easy,train,clipped_or_infinite_entries,18,0,0,0.0,0.0,0.0,0,0.0
easy,validation,variables,6,0,160400,160400.0,160400.0,160400.0,160400,160400.0
easy,validation,constraints,6,0,800,800.0,800.0,800.0,800,800.0
easy,validation,nonzeros,6,0,320400,320400.0,320400.0,320400.0,320400,320400.0
easy,validation,density,6,0,0.0024968827930174566,0.0024968827930174566,0.0024968827930174566,0.0024968827930174566,0.0024968827930174566,0.0024968827930174566
easy,validation,binary_variables,6,0,144800,145400.0,147200.0,148700.0,149200,147066.66666666666
easy,validation,integer_variables,6,0,0,0.0,0.0,0.0,0,0.0
easy,validation,continuous_variables,6,0,11200,11700.0,13200.0,15000.0,15600,13333.333333333334
easy,validation,discrete_targets,6,0,144800,145400.0,147200.0,148700.0,149200,147066.66666666666
easy,validation,positive_discrete_targets,6,0,372,373.25,377.0,380.75,384,377.3333333333333
easy,validation,positive_prevalence,6,0,0.002560483870967742,0.002560896134106266,0.002565257179516208,0.0025690132109644917,0.00257372654155496,0.0025657387408842204
easy,validation,label_gap_declared,6,0,0.0,0.0,0.0,0.0,0.0,0.0
easy,validation,mean_variable_degree,6,0,1.9975062344139651,1.9975062344139651,1.9975062344139651,1.9975062344139651,1.9975062344139651,1.9975062344139651
easy,validation,mean_constraint_degree,6,0,400.5,400.5,400.5,400.5,400.5,400.5
easy,validation,clipped_or_infinite_entries,6,0,0,0.0,0.0,0.0,0,0.0
medium,test,variables,4,0,1281600,1281600.0,1281600.0,1281600.0,1281600,1281600.0
medium,test,constraints,4,0,2400,2400.0,2400.0,2400.0,2400,2400.0
medium,test,nonzeros,4,0,2561600,2561600.0,2561600.0,2561600.0,2561600,2561600.0
medium,test,density,4,0,0.0008328131502288806,0.0008328131502288806,0.0008328131502288806,0.0008328131502288806,0.0008328131502288806,0.0008328131502288806
medium,test,binary_variables,4,0,1152000,1155600.0,1156800.0,1164800.0,1188800,1163600.0
medium,test,integer_variables,4,0,0,0.0,0.0,0.0,0,0.0
medium,test,continuous_variables,4,0,92800,116800.0,124800.0,126000.0,129600,118000.0
medium,test,discrete_targets,4,0,1152000,1155600.0,1156800.0,1164800.0,1188800,1163600.0
medium,test,positive_discrete_targets,4,0,743,745.25,746.0,751.0,766,750.25
medium,test,positive_prevalence,4,0,0.0006443472409152087,0.0006447486359549432,0.0006448824343015214,0.0006449031451705855,0.0006449652777777777,0.0006447693468240073
medium,test,label_gap_declared,4,0,9.895906734778642e-05,0.023414712945878165,0.05042742936726037,0.07298349729431587,0.08292930568986612,0.045970780872933666
medium,test,mean_variable_degree,4,0,1.9987515605493134,1.9987515605493134,1.9987515605493134,1.9987515605493134,1.9987515605493134,1.9987515605493134
medium,test,mean_constraint_degree,4,0,1067.3333333333333,1067.3333333333333,1067.3333333333333,1067.3333333333333,1067.3333333333333,1067.3333333333333
medium,test,clipped_or_infinite_entries,4,0,0,0.0,0.0,0.0,0,0.0
medium,train,variables,16,0,1281600,1281600.0,1281600.0,1281600.0,1281600,1281600.0
medium,train,constraints,16,0,2400,2400.0,2400.0,2400.0,2400,2400.0
medium,train,nonzeros,16,0,2561600,2561600.0,2561600.0,2561600.0,2561600,2561600.0
medium,train,density,16,0,0.0008328131502288806,0.0008328131502288806,0.0008328131502288806,0.0008328131502288806,0.0008328131502288806,0.0008328131502288809
medium,train,binary_variables,16,0,1136000,1157200.0,1167200.0,1174400.0,1193600,1166700.0
medium,train,integer_variables,16,0,0,0.0,0.0,0.0,0,0.0
medium,train,continuous_variables,16,0,88000,107200.0,114400.0,124400.0,145600,114900.0
medium,train,discrete_targets,16,0,1136000,1157200.0,1167200.0,1174400.0,1193600,1166700.0
medium,train,positive_discrete_targets,16,0,731,746.0,753.5,756.5,769,751.5625
medium,train,positive_prevalence,16,0,0.0006409825033647376,0.0006431539414279436,0.0006440783998173409,0.0006451037762484225,0.000648179945054945,0.0006441831977745948
medium,train,label_gap_declared,16,0,0.0,0.0,0.011059757738341315,0.06011748823137633,0.09963314040629058,0.028226403932831125
medium,train,mean_variable_degree,16,0,1.9987515605493134,1.9987515605493134,1.9987515605493134,1.9987515605493134,1.9987515605493134,1.998751560549313
medium,train,mean_constraint_degree,16,0,1067.3333333333333,1067.3333333333333,1067.3333333333333,1067.3333333333333,1067.3333333333333,1067.3333333333335
medium,train,clipped_or_infinite_entries,16,0,0,0.0,0.0,0.0,0,0.0
medium,validation,variables,4,0,1281600,1281600.0,1281600.0,1281600.0,1281600,1281600.0
medium,validation,constraints,4,0,2400,2400.0,2400.0,2400.0,2400,2400.0
medium,validation,nonzeros,4,0,2561600,2561600.0,2561600.0,2561600.0,2561600,2561600.0
medium,validation,density,4,0,0.0008328131502288806,0.0008328131502288806,0.0008328131502288806,0.0008328131502288806,0.0008328131502288806,0.0008328131502288806
medium,validation,binary_variables,4,0,1163200,1164400.0,1167200.0,1173600.0,1185600,1170800.0
medium,validation,integer_variables,4,0,0,0.0,0.0,0.0,0,0.0
medium,validation,continuous_variables,4,0,96000,108000.0,114400.0,117200.0,118400,110800.0
medium,validation,discrete_targets,4,0,1163200,1164400.0,1167200.0,1173600.0,1185600,1170800.0
medium,validation,positive_discrete_targets,4,0,748,750.25,751.5,755.25,765,754.0
medium,validation,positive_prevalence,4,0,0.0006429548563611491,0.0006430289479279765,0.000643899762118899,0.0006448701380855986,0.0006452429149797571,0.0006439993238946761
medium,validation,label_gap_declared,4,0,9.880669744107652e-05,9.89990879031875e-05,0.022560765873773234,0.04626396905777049,0.04998847064261424,0.023802202271900445
medium,validation,mean_variable_degree,4,0,1.9987515605493134,1.9987515605493134,1.9987515605493134,1.9987515605493134,1.9987515605493134,1.9987515605493134
medium,validation,mean_constraint_degree,4,0,1067.3333333333333,1067.3333333333333,1067.3333333333333,1067.3333333333333,1067.3333333333333,1067.3333333333333
medium,validation,clipped_or_infinite_entries,4,0,0,0.0,0.0,0.0,0,0.0
