attempt_id,dropped_sample_count,dual,first_observed_target_seconds,gap_relative,job_id,memory_stop,node_count,observation_end_runtime_seconds,observed_target_efficiency_vs_1,observed_target_speedup_vs_1,observed_target_state,optimization_calls,parent,primal,process_cpu_seconds,root_tree_phase_costs_qualified,sample_count,sampled_cgroup_peak_bytes,seed,solver_runtime_seconds,stop,target_gap_relative,threads,time_limit_overshoot_seconds,true_first_crossings_qualified,worker_peak_rss_bytes
easy-seed42-threads1,0,5.101102532960365,66.7393159866333,0.001652055898673832,3489,,1043.0,,1.0,1.0,observed,1,easy,5.109543784909757,67.295032352,False,116,269287424,42,66.7393159866333,gap_target,0.01,1,0,False,274055168
easy-seed42-threads2,0,5.09914931876569,55.24193286895752,0.006443510696950643,3489,,1033.0,,0.6040639105165759,1.2081278210331519,observed,1,easy,5.132218825667973,85.877676827,False,103,523919360,42,55.24193286895752,gap_target,0.01,2,0,False,527646720
easy-seed42-threads4,0,5.078597475705733,72.86399793624878,0.00605656992223443,3489,,1981.0,,0.22898591168791557,0.9159436467516623,observed,1,easy,5.109543784909757,258.938710467,False,121,772726784,42,72.86894106864929,gap_target,0.01,4,0,False,783593472
easy-seed42-threads8,0,5.076818026196687,67.36245203018188,0.006404829881235327,3489,,4442.0,,0.12384368809186647,0.9907495047349317,observed,1,easy,5.109543784909757,340.806051889,False,114,1106960384,42,67.37033700942993,gap_target,0.01,8,0,False,1111379968
easy-seed42-threads16,0,5.082038639750506,60.98745799064636,0.0053830921736072734,3489,,1833.0,,0.06839450907765854,1.0943121452425366,observed,1,easy,5.109543784909757,421.312683087,False,107,1349091328,42,60.9947509765625,gap_target,0.01,16,0,False,1350389760
medium-seed42-threads1,0,4.156659231741219,1449.7709090709686,0.09999319693084448,3494,,887.0,,1.0,1.0,observed,1,medium,4.618475346593382,1455.205604926,False,460,2275708928,42,1449.800770998001,gap_target,0.1,1,0,False,2264358912
medium-seed42-threads2,0,4.176903300202207,2411.948539018631,0.09994577869276924,3494,,3158.0,,0.30053935347659794,0.6010787069531959,observed,1,medium,4.6407240823066305,3352.267571063,False,432,5229887488,42,2411.948539018631,gap_target,0.1,2,0,False,5232836608
medium-seed42-threads4,0,3.8483001919181845,,0.3704368397077748,3494,,5207.0,3600.9236969947815,,,right_censored,1,medium,6.112651493349633,10906.294010897,False,409,9631838208,42,3600.9236969947815,time_limit,0.1,4,0.9236969947814941,False,9605402624
medium-seed42-threads8,0,3.9853523102334627,,0.5919360624523157,3494,,7350.0,3600.4516019821167,,,right_censored,1,medium,9.766489864759869,13629.339882637,False,343,18406371328,42,3600.4516019821167,time_limit,0.1,8,0.4516019821166992,False,18371940352
medium-seed42-threads16,0,3.90738392359151,,0.5684084463125854,3494,,10498.0,3601.5005490779877,,,right_censored,1,medium,9.053430008552668,19619.732493211,False,332,34419539968,42,3601.5005490779877,time_limit,0.1,16,1.500549077987671,False,34348826624
