parent,canonical_role,evaluation_stratum,method,published_records,distinct_method_metadata,aggregate_metadata_rows,state,role_disagreement,reuse_admitted,new_solve_admitted
CFL_easy_instance_0,test,predictive_test,unguided_control,0,0,0,not_found_in_recognized_scope,False,False,False
CFL_easy_instance_0,test,predictive_test,root_lp_matched_partial_start,0,0,0,not_found_in_recognized_scope,False,False,False
CFL_easy_instance_0,test,predictive_test,gnn_class_aware_partial_start,0,0,0,not_found_in_recognized_scope,False,False,False
CFL_easy_instance_14,test,predictive_test,unguided_control,0,0,0,not_found_in_recognized_scope,False,False,False
CFL_easy_instance_14,test,predictive_test,root_lp_matched_partial_start,0,0,0,not_found_in_recognized_scope,False,False,False
CFL_easy_instance_14,test,predictive_test,gnn_class_aware_partial_start,0,0,0,not_found_in_recognized_scope,False,False,False
CFL_easy_instance_27,test,predictive_test,unguided_control,0,0,0,not_found_in_recognized_scope,False,False,False
CFL_easy_instance_27,test,predictive_test,root_lp_matched_partial_start,0,0,0,not_found_in_recognized_scope,False,False,False
CFL_easy_instance_27,test,predictive_test,gnn_class_aware_partial_start,0,0,0,not_found_in_recognized_scope,False,False,False
CFL_easy_instance_29,test,predictive_test,unguided_control,0,0,0,not_found_in_recognized_scope,False,False,False
CFL_easy_instance_29,test,predictive_test,root_lp_matched_partial_start,0,0,0,not_found_in_recognized_scope,False,False,False
CFL_easy_instance_29,test,predictive_test,gnn_class_aware_partial_start,0,0,0,not_found_in_recognized_scope,False,False,False
CFL_easy_instance_3,test,predictive_test,unguided_control,0,0,0,not_found_in_recognized_scope,False,False,False
CFL_easy_instance_3,test,predictive_test,root_lp_matched_partial_start,0,0,0,not_found_in_recognized_scope,False,False,False
CFL_easy_instance_3,test,predictive_test,gnn_class_aware_partial_start,0,0,0,not_found_in_recognized_scope,False,False,False
CFL_easy_instance_6,test,predictive_test,unguided_control,0,0,0,not_found_in_recognized_scope,False,False,False
CFL_easy_instance_6,test,predictive_test,root_lp_matched_partial_start,0,0,0,not_found_in_recognized_scope,False,False,False
CFL_easy_instance_6,test,predictive_test,gnn_class_aware_partial_start,0,0,0,not_found_in_recognized_scope,False,False,False
CFL_medium_instance_0,test,predictive_test,unguided_control,1,2,2,candidate_needs_compatibility_review,False,False,False
CFL_medium_instance_0,test,predictive_test,root_lp_matched_partial_start,1,1,1,candidate_needs_compatibility_review,False,False,False
CFL_medium_instance_0,test,predictive_test,gnn_class_aware_partial_start,1,1,1,candidate_needs_compatibility_review,False,False,False
CFL_medium_instance_12,test,predictive_test,unguided_control,1,1,1,candidate_needs_compatibility_review,False,False,False
CFL_medium_instance_12,test,predictive_test,root_lp_matched_partial_start,1,1,1,candidate_needs_compatibility_review,False,False,False
CFL_medium_instance_12,test,predictive_test,gnn_class_aware_partial_start,1,1,1,candidate_needs_compatibility_review,False,False,False
CFL_medium_instance_13,train,label_excluded_historically_exposed,unguided_control,0,0,0,not_found_in_recognized_scope,False,False,False
CFL_medium_instance_13,train,label_excluded_historically_exposed,root_lp_matched_partial_start,0,0,0,not_found_in_recognized_scope,False,False,False
CFL_medium_instance_13,train,label_excluded_historically_exposed,gnn_class_aware_partial_start,0,0,0,not_found_in_recognized_scope,False,False,False
CFL_medium_instance_20,test,label_excluded_historically_exposed,unguided_control,1,1,1,candidate_needs_compatibility_review,False,False,False
CFL_medium_instance_20,test,label_excluded_historically_exposed,root_lp_matched_partial_start,1,1,1,candidate_needs_compatibility_review,False,False,False
CFL_medium_instance_20,test,label_excluded_historically_exposed,gnn_class_aware_partial_start,1,1,1,candidate_needs_compatibility_review,False,False,False
CFL_medium_instance_26,train,label_excluded_historically_exposed,unguided_control,0,0,0,not_found_in_recognized_scope,False,False,False
CFL_medium_instance_26,train,label_excluded_historically_exposed,root_lp_matched_partial_start,0,0,0,not_found_in_recognized_scope,False,False,False
CFL_medium_instance_26,train,label_excluded_historically_exposed,gnn_class_aware_partial_start,0,0,0,not_found_in_recognized_scope,False,False,False
CFL_medium_instance_4,test,predictive_test,unguided_control,1,1,1,candidate_needs_compatibility_review,False,False,False
CFL_medium_instance_4,test,predictive_test,root_lp_matched_partial_start,1,1,1,candidate_needs_compatibility_review,False,False,False
CFL_medium_instance_4,test,predictive_test,gnn_class_aware_partial_start,1,1,1,candidate_needs_compatibility_review,False,False,False
CFL_medium_instance_5,validation,label_excluded_historically_exposed,unguided_control,1,1,1,candidate_needs_compatibility_review,False,False,False
CFL_medium_instance_5,validation,label_excluded_historically_exposed,root_lp_matched_partial_start,1,1,1,candidate_needs_compatibility_review,False,False,False
CFL_medium_instance_5,validation,label_excluded_historically_exposed,gnn_class_aware_partial_start,1,1,1,candidate_needs_compatibility_review,False,False,False
CFL_medium_instance_6,validation,label_excluded_historically_exposed,unguided_control,1,1,1,candidate_needs_compatibility_review,False,False,False
CFL_medium_instance_6,validation,label_excluded_historically_exposed,root_lp_matched_partial_start,1,1,1,candidate_needs_compatibility_review,False,False,False
CFL_medium_instance_6,validation,label_excluded_historically_exposed,gnn_class_aware_partial_start,1,1,1,candidate_needs_compatibility_review,False,False,False
CFL_medium_instance_7,test,predictive_test,unguided_control,1,1,1,candidate_needs_compatibility_review,False,False,False
CFL_medium_instance_7,test,predictive_test,root_lp_matched_partial_start,1,1,1,candidate_needs_compatibility_review,False,False,False
CFL_medium_instance_7,test,predictive_test,gnn_class_aware_partial_start,1,1,1,candidate_needs_compatibility_review,False,False,False
CFL_medium_instance_9,test,label_excluded_historically_exposed,unguided_control,1,1,1,candidate_needs_compatibility_review,False,False,False
CFL_medium_instance_9,test,label_excluded_historically_exposed,root_lp_matched_partial_start,1,1,1,candidate_needs_compatibility_review,False,False,False
CFL_medium_instance_9,test,label_excluded_historically_exposed,gnn_class_aware_partial_start,1,1,1,candidate_needs_compatibility_review,False,False,False
