parent,stratum,method,gap_difference_percentage_points,optimize_time_difference_seconds,unbiased_speedup_claimed
CFL_medium_instance_0,predictive_test,gnn_class_aware_partial_start,0.17232091023952484,-0.004181387834250927,False
CFL_medium_instance_0,predictive_test,root_lp_matched_partial_start,1.6123019806709118,-0.005833771079778671,False
CFL_medium_instance_12,predictive_test,gnn_class_aware_partial_start,-6.07138787290915,-2898.290043612011,False
CFL_medium_instance_12,predictive_test,root_lp_matched_partial_start,0.3884977142159095,0.0281372657045722,False
CFL_medium_instance_20,label_excluded_historically_exposed,gnn_class_aware_partial_start,-34.906928064457304,-2015.454665695317,False
CFL_medium_instance_20,label_excluded_historically_exposed,root_lp_matched_partial_start,-16.068660812676725,-0.03934969659894705,False
CFL_medium_instance_4,predictive_test,gnn_class_aware_partial_start,-0.06584605888834277,0.04329585749655962,False
CFL_medium_instance_4,predictive_test,root_lp_matched_partial_start,0.6350429891615093,0.023404301144182682,False
CFL_medium_instance_5,label_excluded_historically_exposed,gnn_class_aware_partial_start,-2.765645906041678,0.014103611931204796,False
CFL_medium_instance_5,label_excluded_historically_exposed,root_lp_matched_partial_start,-0.6476463640659791,-0.03365759924054146,False
CFL_medium_instance_6,label_excluded_historically_exposed,gnn_class_aware_partial_start,-2.160064614933926,-0.13367955200374126,False
CFL_medium_instance_6,label_excluded_historically_exposed,root_lp_matched_partial_start,0.25766879649782304,-0.14848279766738415,False
CFL_medium_instance_7,predictive_test,gnn_class_aware_partial_start,-2.115018372859584,0.04981880821287632,False
CFL_medium_instance_7,predictive_test,root_lp_matched_partial_start,3.0010028962824147,0.0504980543628335,False
CFL_medium_instance_9,label_excluded_historically_exposed,gnn_class_aware_partial_start,-0.21345422570641648,0.03371342457830906,False
CFL_medium_instance_9,label_excluded_historically_exposed,root_lp_matched_partial_start,2.495846018485279,0.0313095161691308,False
