parent,stratum,method,contract_sha256,method_sha256,checkpoint_sha256,threads,time_limit_seconds,primal,dual,gap_fraction,optimize_seconds,method_wall_seconds,right_censored,start_status,preparation_cost_included,new_control_admitted
CFL_medium_instance_0,predictive_test,gnn_class_aware_partial_start,94abd94ba3eb5d4023b95fc3009330073aad02f9232d018149af2498cf62a670,2b0157d54a94980d2dfc97ac1cf32b32a0b79677157d74b42f0fa91f11c57e20,a1868134028694e0f807b5627100a77fcd1dc41e6c884b176290caee253a4028,1,3600.0,4.655592386603658,4.322987066020142,0.07144210509935944,3600.1331338677555,3666.3271336890757,True,accepted,False,False
CFL_medium_instance_0,predictive_test,root_lp_matched_partial_start,94abd94ba3eb5d4023b95fc3009330073aad02f9232d018149af2498cf62a670,f3ce7b57d445d40ce3fd78b249cef06083506a91bc8296033265e62427024d4c,a1868134028694e0f807b5627100a77fcd1dc41e6c884b176290caee253a4028,1,3600.0,4.710199435478862,4.305866892119976,0.08584191580367331,3600.13148148451,3665.812563679181,True,accepted,False,False
CFL_medium_instance_0,predictive_test,unguided_control,94abd94ba3eb5d4023b95fc3009330073aad02f9232d018149af2498cf62a670,b7bfca05e49881da0fe5d4bf2b3df8ec3cf04c8a3469356e1cda89c7a27dd403,a1868134028694e0f807b5627100a77fcd1dc41e6c884b176290caee253a4028,1,3600.0,4.666372389679344,4.341038058360184,0.0697188959969642,3600.13731525559,3663.7194211380556,True,not_submitted,False,False
CFL_medium_instance_12,predictive_test,gnn_class_aware_partial_start,94abd94ba3eb5d4023b95fc3009330073aad02f9232d018149af2498cf62a670,9d24ef6fe224cc8527a54f0d0239cf64863214364f0608a0dc919e0a1b87e116,a1868134028694e0f807b5627100a77fcd1dc41e6c884b176290caee253a4028,1,3600.0,4.741382854739205,4.741382854739205,0.0,701.8388454504311,766.1308455187827,False,accepted,False,False
CFL_medium_instance_12,predictive_test,root_lp_matched_partial_start,94abd94ba3eb5d4023b95fc3009330073aad02f9232d018149af2498cf62a670,97b6d05200bfebaa2083bcdc3437182bb5ff662462dde61b02c42dd34e5daf19,a1868134028694e0f807b5627100a77fcd1dc41e6c884b176290caee253a4028,1,3600.0,4.740932705476565,4.434673876940186,0.0645988558712506,3600.1570263281465,3665.592788468115,True,accepted,False,False
CFL_medium_instance_12,predictive_test,unguided_control,94abd94ba3eb5d4023b95fc3009330073aad02f9232d018149af2498cf62a670,fc99e9bdd3bef6581e094d46e15bd136e41ac91361cf351374121229b4051a63,a1868134028694e0f807b5627100a77fcd1dc41e6c884b176290caee253a4028,1,3600.0,4.741101359773271,4.453250706773666,0.0607138787290915,3600.128889062442,3661.6123385634273,True,not_submitted,False,False
CFL_medium_instance_20,label_excluded_historically_exposed,gnn_class_aware_partial_start,94abd94ba3eb5d4023b95fc3009330073aad02f9232d018149af2498cf62a670,3f8d2eff3e59eb0e96b70d9beb4b95c6579e76810d72100214247821a4f2f08d,a1868134028694e0f807b5627100a77fcd1dc41e6c884b176290caee253a4028,1,3600.0,5.438233907335695,5.438233907335695,0.0,1584.6702679386362,1648.6837425353006,False,accepted,False,False
CFL_medium_instance_20,label_excluded_historically_exposed,root_lp_matched_partial_start,94abd94ba3eb5d4023b95fc3009330073aad02f9232d018149af2498cf62a670,718a91da090739bfa4d51e543b51d598a797fbb70e2e9597f0b056a84b10f183,a1868134028694e0f807b5627100a77fcd1dc41e6c884b176290caee253a4028,1,3600.0,5.675068547431443,4.6059839677445655,0.1883826725178058,3600.0855839373544,3662.5199668677524,True,accepted,False,False
CFL_medium_instance_20,label_excluded_historically_exposed,unguided_control,94abd94ba3eb5d4023b95fc3009330073aad02f9232d018149af2498cf62a670,69b6e38e2da37c7d05c8939b1cb42b8b416f3fd6a78c4540f4a7b49afe750b0f,a1868134028694e0f807b5627100a77fcd1dc41e6c884b176290caee253a4028,1,3600.0,7.216490509035019,4.697435358267776,0.34906928064457304,3600.1249336339533,3665.7217113208026,True,not_submitted,False,False
CFL_medium_instance_4,predictive_test,gnn_class_aware_partial_start,94abd94ba3eb5d4023b95fc3009330073aad02f9232d018149af2498cf62a670,03f701c76bd8a002ef9c6e80a20f18dc4bcc691910348b7f568cf1fd1bd6ed25,a1868134028694e0f807b5627100a77fcd1dc41e6c884b176290caee253a4028,1,3600.0,4.909033594839075,4.505163252362549,0.08227084510098269,3600.135472206399,3666.5205049784854,True,accepted,False,False
CFL_medium_instance_4,predictive_test,root_lp_matched_partial_start,94abd94ba3eb5d4023b95fc3009330073aad02f9232d018149af2498cf62a670,74c7b31403bf38cb384144b2cd6026d11cbdf908e77250902467b7c9f9893255,a1868134028694e0f807b5627100a77fcd1dc41e6c884b176290caee253a4028,1,3600.0,4.937023870086982,4.496247684406155,0.08927973558148121,3600.1155806500465,3665.8743072748184,True,accepted,False,False
CFL_medium_instance_4,predictive_test,unguided_control,94abd94ba3eb5d4023b95fc3009330073aad02f9232d018149af2498cf62a670,6582a062eb0f9a08912d2cdea77d869425a78202a6f07e49580f05feb2dea4a7,a1868134028694e0f807b5627100a77fcd1dc41e6c884b176290caee253a4028,1,3600.0,4.917674838417179,4.509855478458718,0.08292930568986612,3600.0921763489023,3661.4372494043782,True,not_submitted,False,False
CFL_medium_instance_5,label_excluded_historically_exposed,gnn_class_aware_partial_start,6b37643a6364e9d25c272b04b96575de9ee29a17c54d55e14153e376e1cd7758,24f2ea45e49282f6499e3d7e0c6748752eb4856eadf15b93274ce94befe96c24,a1868134028694e0f807b5627100a77fcd1dc41e6c884b176290caee253a4028,1,3600.0,5.294867182391519,4.5606136300311135,0.13867270453963812,3600.15355853457,3668.9081893628463,True,accepted,False,False
CFL_medium_instance_5,label_excluded_historically_exposed,root_lp_matched_partial_start,6b37643a6364e9d25c272b04b96575de9ee29a17c54d55e14153e376e1cd7758,7d77b94ded500178aee8ebc9ebc14329175c36a1d9855bbe6534d7f9087317a4,a1868134028694e0f807b5627100a77fcd1dc41e6c884b176290caee253a4028,1,3600.0,5.360165451913337,4.503328532195919,0.1598526999593951,3600.1057973233983,3670.1750248698518,True,accepted,False,False
CFL_medium_instance_5,label_excluded_historically_exposed,unguided_control,6b37643a6364e9d25c272b04b96575de9ee29a17c54d55e14153e376e1cd7758,0033bdbb63525094ad3494dcf2a79b937444eff0c9b40cce8ea0c12b688c881b,a1868134028694e0f807b5627100a77fcd1dc41e6c884b176290caee253a4028,1,3600.0,5.395452200345291,4.498031148617783,0.1663291636000549,3600.139454922639,3664.5018356218934,True,not_submitted,False,False
CFL_medium_instance_6,label_excluded_historically_exposed,gnn_class_aware_partial_start,6b37643a6364e9d25c272b04b96575de9ee29a17c54d55e14153e376e1cd7758,ee2fe1c419e60064ace96b1c977d3fbe648512a4eb579edfd72640661ac2b9d9,a1868134028694e0f807b5627100a77fcd1dc41e6c884b176290caee253a4028,1,3600.0,5.628499858379467,4.696660199353315,0.16555737451762914,3600.10919054877,3678.6670937333256,True,accepted,False,False
CFL_medium_instance_6,label_excluded_historically_exposed,root_lp_matched_partial_start,6b37643a6364e9d25c272b04b96575de9ee29a17c54d55e14153e376e1cd7758,7ea904b44dbcc96efdd22854d2ca6e1651f9d1002a42a2d8dfd4813e85f68249,a1868134028694e0f807b5627100a77fcd1dc41e6c884b176290caee253a4028,1,3600.0,5.7041192433250165,4.621849840690865,0.18973470863194664,3600.0943873031065,3669.2680054316297,True,accepted,False,False
CFL_medium_instance_6,label_excluded_historically_exposed,unguided_control,6b37643a6364e9d25c272b04b96575de9ee29a17c54d55e14153e376e1cd7758,6492e805110e59083e85dee5e26cd2a748ae55456bbab0fdb8a8bb9b8690369e,a1868134028694e0f807b5627100a77fcd1dc41e6c884b176290caee253a4028,1,3600.0,5.682921515718225,4.619317173230674,0.1871580206669684,3600.242870100774,3665.5385340396315,True,not_submitted,False,False
CFL_medium_instance_7,predictive_test,gnn_class_aware_partial_start,94abd94ba3eb5d4023b95fc3009330073aad02f9232d018149af2498cf62a670,54c63251f8ef26097c7e07b608502746c4900bdd9b1acf3d1f55dd2ce13db172,a1868134028694e0f807b5627100a77fcd1dc41e6c884b176290caee253a4028,1,3600.0,5.572013433553634,4.75799771694099,0.1460900491931323,3600.1378658236936,3664.6542560402304,True,accepted,False,False
CFL_medium_instance_7,predictive_test,root_lp_matched_partial_start,94abd94ba3eb5d4023b95fc3009330073aad02f9232d018149af2498cf62a670,c931468c61727baeadc1aa4436e961b10e798f1e01ad6992c6a57d033f47088e,a1868134028694e0f807b5627100a77fcd1dc41e6c884b176290caee253a4028,1,3600.0,5.799903368212254,4.65587090992729,0.19725026188455227,3600.1385450698435,3665.246303420514,True,accepted,False,False
CFL_medium_instance_7,predictive_test,unguided_control,94abd94ba3eb5d4023b95fc3009330073aad02f9232d018149af2498cf62a670,a3d6779b5be014d11800e15c93555334317cef22e9115890c2552b2aa0e46222,a1868134028694e0f807b5627100a77fcd1dc41e6c884b176290caee253a4028,1,3600.0,5.578714657671784,4.645729118918896,0.16724023292172813,3600.0880470154807,3661.3507675323635,True,not_submitted,False,False
CFL_medium_instance_9,label_excluded_historically_exposed,gnn_class_aware_partial_start,94abd94ba3eb5d4023b95fc3009330073aad02f9232d018149af2498cf62a670,11147e08f807f4a6c2d59ba103771b48d5359f58dc666ac9e04a6dcf360512fa,a1868134028694e0f807b5627100a77fcd1dc41e6c884b176290caee253a4028,1,3600.0,5.901383762318799,4.819154164690773,0.18338573480650772,3600.127401098609,3663.8875921014696,True,accepted,False,False
CFL_medium_instance_9,label_excluded_historically_exposed,root_lp_matched_partial_start,94abd94ba3eb5d4023b95fc3009330073aad02f9232d018149af2498cf62a670,14d78c88c8047807a11e93c75c0d2b87c9743b245077220b7b2a318863cf075b,a1868134028694e0f807b5627100a77fcd1dc41e6c884b176290caee253a4028,1,3600.0,6.057127805468696,4.782231193621323,0.21047873724842467,3600.1249971902,3663.1038815854117,True,accepted,False,False
CFL_medium_instance_9,label_excluded_historically_exposed,unguided_control,94abd94ba3eb5d4023b95fc3009330073aad02f9232d018149af2498cf62a670,703519d75e88794d228f7616bacd0e6e63c6cc88ae5dd05e52d17e8eb0f0f192,a1868134028694e0f807b5627100a77fcd1dc41e6c884b176290caee253a4028,1,3600.0,5.849783463945881,4.76453001495274,0.18552027706357188,3600.0936876740307,3672.3627975005656,True,not_submitted,False,False
