epoch,training_weighted_bce,validation_weighted_bce,accuracy,precision,recall,f1_score
1,1.5877162209328484,1.3677082300186156,0.4170170332039672,0.0016246503770850449,1.0,0.003244030339056466
2,1.3193230256438255,1.1130390405654906,0.9764560873939917,0.0200665577724518,0.4979166666666667,0.038578367352928224
3,1.3721221131820451,0.4309671103954315,0.9959344904412821,0.18054583624912526,0.928409090909091,0.30230335173136813
4,0.831638206179966,0.23257934376597406,0.9716424105217766,0.032365654026547314,0.999810606060606,0.06270154704991536
5,0.3512839187237927,0.5655445352196693,0.9969721144171338,0.17552714221624047,0.5928030303030303,0.27085496711664936
6,0.1620271764421726,0.0994106164202094,0.9917559652148915,0.10290464547677261,0.9964015151515152,0.1865437461217977
7,0.1620143860414186,0.1623647205531597,0.9950594724737675,0.15715564334434123,0.9643939393939394,0.27026883575276667
8,0.13810806311940885,0.13309092912822962,0.9915608380048871,0.10053467737299017,0.993560606060606,0.18259341118323733
9,0.1826190651695737,0.10559433698654175,0.9786497412677878,0.04249969781216004,0.9988636363636364,0.08153043478260869
10,0.10782665422405391,0.09058174975216389,0.9895926764409947,0.08343488375773497,0.9984848484848485,0.15400119765726555
11,0.17633236881674214,0.16531846728175878,0.9942146399310048,0.13984105322308743,0.9897727272727272,0.2450587325033411
12,0.11599263751550633,0.10329680312424898,0.9917112261032054,0.10231299404228807,0.9952651515151515,0.1855513576498005
13,0.15095130925285904,0.16983615309000016,0.9935965574241771,0.12809016293029524,0.9901515151515151,0.22683588241674804
14,0.1220819003715673,0.15734023842960596,0.9930679531407216,0.11951280820822194,0.990530303030303,0.2132909198425807
15,0.1300706779721248,0.21576040629297494,0.9926931507833836,0.11407507579558096,0.990530303030303,0.20458857355213492
16,0.155200031996869,0.12672547977417709,0.9925206626419434,0.11201724984522107,0.99375,0.2013391914967096
17,0.1221170047955478,0.08464314006268978,0.9919494753485698,0.10524528603387663,0.9979166666666667,0.19040907776814103
18,0.10593187848708648,0.17775432541966438,0.993965430501653,0.13481783465785943,0.9895833333333334,0.23730584067581073
19,0.0751339597216643,0.12697205282747745,0.9906525801351157,0.09171266857661939,0.9943181818181818,0.16793551276309898
20,0.07523786353276056,0.08058116473257541,0.9936926836280006,0.13039706538442472,0.9964015151515152,0.23061412352605967
21,0.06530431619680979,0.07533242199569941,0.9939041612764122,0.13433407367695488,0.9965909090909091,0.23675507862590264
22,0.05986084906822618,0.081840730458498,0.9936069785827224,0.1288916105327618,0.9965909090909091,0.22826157683548426
23,0.05772138119209558,0.21142485048621892,0.9961880120741698,0.19770088777600728,0.9869318181818182,0.329413995827802
24,0.05805757749305271,0.12184423673897982,0.9953460543337646,0.1684565916398714,0.9922348484848484,0.2880153930731171
25,0.05557795284617254,0.16772290226072073,0.9955190815006468,0.17355783600677493,0.9897727272727272,0.2953293210138171
26,0.054909793879179394,0.19645399916917086,0.9954574529251115,0.17106301802394422,0.9850378787878787,0.29150319470911334
27,0.05748760085279012,0.0836126809939742,0.9945545853097599,0.14795329863553242,0.9960227272727272,0.257636252296387
28,0.05415307074401747,0.11993228010833264,0.9963448684777921,0.20507498923131143,0.9918560606060606,0.33987734042898404
29,0.05160596445613705,0.07238235613331198,0.9950352163288774,0.16007664699799257,0.9967803030303031,0.2758530321295665
30,0.05031555410310188,0.05404515815898776,0.995023717119448,0.1598895429993324,0.9979166666666667,0.275618559397395
31,0.05392229523482349,0.05765153300017119,0.9951866824780796,0.16441476581271258,0.9979166666666667,0.28231574999330245
32,0.05699627152096261,0.16108212526887655,0.9968594580997556,0.230074788688764,0.9846590909090909,0.37299565950425084
33,0.045638080686330795,0.16368295662105084,0.9965771884432946,0.21570732513006854,0.9893939393939394,0.35419350464438265
34,0.041587983360787964,0.05096167689189315,0.995411456087394,0.1711577170313616,0.9984848484848485,0.29222326922010977
35,0.042681002948323596,0.08520773332566023,0.9958399813137847,0.1850794657645276,0.9946969696969697,0.3120896098879876
36,0.04376367028966984,0.12715719863772393,0.9961896291504959,0.198592029067787,0.99375,0.3310305668590896
37,0.04744018652640721,0.21982922935858368,0.9961242273968665,0.19541562277979285,0.9897727272727272,0.3263904068950442
38,0.04543803044704392,0.08013330521062016,0.9962525154520627,0.20121226071277862,0.9933712121212122,0.3346412734870961
39,0.040238542098771125,0.05543309859931469,0.9949234583872358,0.1573090692124105,0.9986742424242424,0.2718041237113402
40,0.03902465239276781,0.06205567037686706,0.9957248095443438,0.181232782369146,0.9967803030303031,0.3067016317016317
41,0.04096229583271505,0.16400973051786422,0.9964851947678597,0.21128810544190182,0.9897727272727272,0.34823748917171987
42,0.04328110165592721,0.07078276388347149,0.9965392769872071,0.21452199126066893,0.9948863636363636,0.35294117647058826
43,0.047168614301720965,0.07457959596067668,0.9969077907143884,0.23372913132756004,0.9916666666666667,0.3782963658695181
44,0.046900545027764404,0.09258377850055695,0.9971162138852954,0.24642117159540403,0.9910984848484848,0.39470508372303514
45,0.04033100549542509,0.10764509337022901,0.9966769081500647,0.2209317058748997,0.990719696969697,0.3612943329764824
46,0.038099232862484365,0.0913138915784657,0.9967414115279575,0.22468733938667124,0.993560606060606,0.36649434120441526
47,0.03921961296788033,0.19543471233919263,0.9964927411240477,0.21134354982567097,0.987310606060606,0.3481600213718026
48,0.04525051610407365,0.14996134294196964,0.9972897800776197,0.2578780993776548,0.9888257575757575,0.4090731019352817
49,0.04852340888807222,0.08898500883951783,0.9967748311053615,0.22653889320555987,0.9939393939393939,0.36897982141601626
50,0.0382856556063737,0.11630956819280983,0.997085309759954,0.24463218820014937,0.9926136363636363,0.39252546434991015
51,0.03564324032049626,0.07288006534799933,0.9964275190455656,0.20939303482587066,0.9964015151515152,0.3460615030422628
52,0.04175640083507032,0.0677147975191474,0.9961973551818313,0.19923502234340681,0.9964015151515152,0.33207094615918703
53,0.03363843408741934,0.09282533209770918,0.9969755282449332,0.2379202395535593,0.9931818181818182,0.383880531459317
54,0.05116342980181798,0.08173425197601318,0.9973100833692684,0.2598503246270506,0.9929924242424243,0.41191028008013514
55,0.04006317799212411,0.10008472846820951,0.9972198864453069,0.2536613659432549,0.9939393939393939,0.4041742077091917
56,0.03465986870886648,0.10292662223801016,0.9969776843467012,0.2380022701475596,0.9928030303030303,0.3839589818714521
57,0.052801938943208795,0.17913521016016604,0.9965849144746298,0.21639601669352507,0.9918560606060606,0.35527967165292895
58,0.04126791252672453,0.06891524884849787,0.9969067126635044,0.23409374443058278,0.9950757575757576,0.37902178617804066
59,0.04438660976559143,0.08015258107334375,0.9968021417277562,0.22798783137766188,0.993560606060606,0.3708731000353482
60,0.03724480056039551,0.09701675958931447,0.9965277777777778,0.2135193570758373,0.9912878787878788,0.3513577014735005
61,0.03671080047634485,0.10623953500762581,0.9971785611614201,0.25068172032722574,0.9924242424242424,0.4002597104991788
62,0.052045483888565176,0.06389977568760515,0.9956304800919937,0.1780145442245899,0.9967803030303031,0.3020806428468934
63,0.038250654477023464,0.14993305625393988,0.9961844185712232,0.19800893330305094,0.990719696969697,0.330052369234652
64,0.03760289472377147,0.12768458314239978,0.9974890398160127,0.27305945607349796,0.990719696969697,0.42812129148422473
65,0.04160951657617903,0.29029037822037934,0.9975508480666954,0.27650805545147994,0.9784090909090909,0.43116471226474146
66,0.04104972590336248,0.08282059552147984,0.9969661851372719,0.23750282741461207,0.9943181818181818,0.38342158115756797
67,0.04030502899481422,0.06889266828075051,0.9969006037084951,0.23383438584007826,0.9958333333333333,0.3787365843117482
68,0.04219982801142203,0.0977244577370584,0.9967033203967227,0.22285374957583984,0.9950757575757576,0.3641530357637926
69,0.03515371705939555,0.2963338986039162,0.9977987997700158,0.2994418551124921,0.9856060606060606,0.45933183282580875
70,0.034640180422951854,0.18858383307233453,0.9974669397728906,0.2711987545407369,0.9897727272727272,0.42574338085539715
71,0.046936822969548625,0.07710424643009901,0.9971746083081788,0.2507278888835855,0.9948863636363636,0.4005184705119896
72,0.03648043552975116,0.11861617853865028,0.9977028532413397,0.2910518403029122,0.9899621212121212,0.4498472395541977
73,0.03895601094357998,0.14992483127862216,0.997114956159264,0.24583746049714636,0.9871212121212121,0.3936407235376308
74,0.037257043792017025,0.21778483940288423,0.997745076900963,0.2945631287442071,0.9871212121212121,0.4537303038217115
75,0.032040415064650864,0.12618432636372745,0.997334698864453,0.2616029543866653,0.9928030303030303,0.41409274034283905
76,0.0336949286318165,0.10977548733353615,0.997106870777634,0.24631973745897798,0.9950757575757576,0.3948891394212702
77,0.029221009072738096,0.15183616597205402,0.9976072660629581,0.282607519610495,0.9893939393939394,0.43963812329055335
78,0.03710359474644065,0.07855116417631507,0.997105253701308,0.24631095704314424,0.9958333333333333,0.3949374694858602
79,0.04559858362464344,0.052533165505155924,0.9973882420583585,0.26590794132524026,0.9956439393939394,0.41972055888223553
80,0.03265657595372485,0.07304052729159594,0.9977632240908437,0.2966241134751773,0.9901515151515151,0.4564942152368478
81,0.03283630342304926,0.10326849799603224,0.9978440779071439,0.3046915876983896,0.9926136363636363,0.4662603976691428
82,0.03372346518068191,0.08652520095929503,0.997723515883283,0.29346003353828953,0.9943181818181818,0.45317220543806647
83,0.026922619528383675,0.25187981836497786,0.9975997197067702,0.28206096574049094,0.9901515151515151,0.4390510182657988
84,0.04991409768049112,0.07356139081530273,0.9975093431076614,0.27517552132453105,0.9946969696969697,0.4310925059509152
85,0.03342547727515921,0.1754384850151837,0.9977301638637344,0.2926980546941077,0.9831439393939394,0.45109711058005647
86,0.04447612483807675,0.18372326781973242,0.9975226390685641,0.27456279809220985,0.98125,0.42906832298136643
87,0.029610250261612236,0.14459980446845294,0.9970549446600546,0.24257448681710764,0.9914772727272727,0.38978444585086186
88,0.032270054165136945,0.19607147285714746,0.9971652652005175,0.2492235653877395,0.9878787878787879,0.3980312106528292
89,0.028789014076156652,0.2609376238659024,0.9979729049877821,0.3161602548395001,0.9774621212121212,0.4777818922421774
90,0.032501565771834814,0.2307999175041914,0.9979768578410234,0.3169686581782566,0.9806818181818182,0.4790895632864544
91,0.02809527888894081,0.0934694936964661,0.9975319821762254,0.27698069416605126,0.9945075757575758,0.43328657479990096
92,0.029036485514713124,0.09089762549847365,0.9972518686215323,0.255576707180163,0.9916666666666667,0.40641130127682695
93,0.027626927983125344,0.21529345279559492,0.9980789133247089,0.3291235160394039,0.9871212121212121,0.49365410115552183
94,0.03215146480771877,0.11083767577074469,0.9982357697283312,0.3485081102730125,0.9888257575757575,0.5153743645427175
95,0.026787365786731243,0.18857579976320266,0.9979177447175507,0.3117053662030681,0.9890151515151515,0.47401624835474065
96,0.029014799675411162,0.08676253827288746,0.9975544415696421,0.2788425803026281,0.9946969696969697,0.43557951482479784
97,0.025978471176452276,0.12350912233814597,0.9976830889751329,0.2894664086259331,0.9914772727272727,0.4481061416648834
98,0.03802341189550455,0.08589712176471949,0.9975795960902688,0.2809072914994918,0.9945075757575758,0.43807616902348473
99,0.02587802991312107,0.11710652438923716,0.9980097383929855,0.32201412342646607,0.9931818181818182,0.4863436123348017
100,0.027467714944470895,0.11239137966185808,0.9975860643955728,0.2812852008796867,0.9931818181818182,0.4384065543619111
