partition,dual,feasible_solution,first_observed_gap_le_0.1_seconds,method,model_optimize_wall_time_seconds,positive_assignments,primal,right_censored,role,solve_status_code,source_instance_id,start_status,submitted_assignments,terminal_mip_gap_relative,total_wall_time_seconds
validation,4.498031148617783,True,,unguided_control,3600.139454922639,0,5.395452200345291,True,validation,9,CFL_medium_instance_5,not_submitted,0,0.1663291636000549,3664.5018356218934
validation,4.503328532195919,True,,root_lp_matched_partial_start,3600.1057973233983,813,5.360165451913337,True,validation,9,CFL_medium_instance_5,accepted,20000,0.1598526999593951,3670.1750248698518
validation,4.5606136300311135,True,,gnn_class_aware_partial_start,3600.15355853457,813,5.294867182391519,True,validation,9,CFL_medium_instance_5,accepted,20000,0.13867270453963812,3668.9081893628463
validation,4.619317173230674,True,,unguided_control,3600.242870100774,0,5.682921515718225,True,validation,9,CFL_medium_instance_6,not_submitted,0,0.1871580206669684,3665.5385340396315
validation,4.621849840690865,True,,root_lp_matched_partial_start,3600.0943873031065,794,5.7041192433250165,True,validation,9,CFL_medium_instance_6,accepted,20000,0.18973470863194664,3669.2680054316297
validation,4.696660199353315,True,,gnn_class_aware_partial_start,3600.10919054877,794,5.628499858379467,True,validation,9,CFL_medium_instance_6,accepted,20000,0.16555737451762914,3678.6670937333256
validation,4.49284618566754,True,3370.6334779709578,unguided_control,3600.094070563093,0,4.947012545532341,True,validation,9,CFL_medium_instance_11,not_submitted,0,0.09180618720584399,3665.8396304743364
validation,4.446875532535093,True,,root_lp_matched_partial_start,3600.1631032675505,786,4.947012545532341,True,validation,9,CFL_medium_instance_11,accepted,20000,0.10109879617122118,3668.6766606951132
validation,4.434338496562164,True,,gnn_class_aware_partial_start,3600.1531604789197,786,5.010945263104088,True,validation,9,CFL_medium_instance_11,accepted,20000,0.11506946020494711,3672.0392730757594
validation,4.315298285297389,True,2345.968818722293,unguided_control,3600.0979930870235,0,4.742646251368546,True,validation,9,CFL_medium_instance_14,not_submitted,0,0.09010749345849718,3665.487941726111
validation,4.331998839031894,True,2324.357013043016,root_lp_matched_partial_start,3600.1225264696404,723,4.742646251368546,True,validation,9,CFL_medium_instance_14,accepted,20000,0.0865861357924713,3668.5394493592903
validation,4.358897745764217,True,2455.129453302361,gnn_class_aware_partial_start,3600.103245020844,723,4.775500996235822,True,validation,9,CFL_medium_instance_14,accepted,20000,0.08723760099725296,3666.4752786960453
validation,4.630234014512576,True,,unguided_control,3600.11503967084,0,5.270604372700509,True,validation,9,CFL_medium_instance_17,not_submitted,0,0.12149846827904211,3663.9397417549044
validation,4.592309458281705,True,,root_lp_matched_partial_start,3600.336502567865,790,5.381909311961609,True,validation,9,CFL_medium_instance_17,accepted,20000,0.1467137047302101,3666.8911284888163
validation,4.668655761007451,True,,gnn_class_aware_partial_start,3600.128777023405,790,5.35915711114583,True,validation,9,CFL_medium_instance_17,accepted,20000,0.12884514034908456,3666.67485912703
validation,4.291143921174836,True,,unguided_control,3600.0966422418132,0,4.771122541085666,True,validation,9,CFL_medium_instance_19,not_submitted,0,0.1006007738802725,3665.7069259854034
validation,4.290925284097066,True,,root_lp_matched_partial_start,3600.1258991854265,734,4.771122541085666,True,validation,9,CFL_medium_instance_19,accepted,20000,0.10064659896145345,3668.7811363833025
validation,4.755606961082105,True,658.5167858451605,gnn_class_aware_partial_start,671.3222555387765,734,4.755606961082105,False,validation,2,CFL_medium_instance_19,accepted,20000,0.0,737.7796838106588
test,4.341038058360184,True,2490.553594400175,unguided_control,3600.13731525559,0,4.666372389679344,True,test,9,CFL_medium_instance_0,not_submitted,0,0.0697188959969642,3663.7194211380556
test,4.305866892119976,True,2209.989820100367,root_lp_matched_partial_start,3600.13148148451,728,4.710199435478862,True,test,9,CFL_medium_instance_0,accepted,20000,0.08584191580367331,3665.812563679181
test,4.322987066020142,True,1157.8713000752032,gnn_class_aware_partial_start,3600.1331338677555,728,4.655592386603658,True,test,9,CFL_medium_instance_0,accepted,20000,0.07144210509935944,3666.3271336890757
test,4.509855478458718,True,2287.1938566341996,unguided_control,3600.0921763489023,0,4.917674838417179,True,test,9,CFL_medium_instance_4,not_submitted,0,0.08292930568986612,3661.4372494043782
test,4.496247684406155,True,3070.120048072189,root_lp_matched_partial_start,3600.1155806500465,753,4.937023870086982,True,test,9,CFL_medium_instance_4,accepted,20000,0.08927973558148121,3665.8743072748184
test,4.505163252362549,True,3213.7478949027136,gnn_class_aware_partial_start,3600.135472206399,753,4.909033594839075,True,test,9,CFL_medium_instance_4,accepted,20000,0.08227084510098269,3666.5205049784854
test,4.645729118918896,True,,unguided_control,3600.0880470154807,0,5.578714657671784,True,test,9,CFL_medium_instance_7,not_submitted,0,0.16724023292172813,3661.3507675323635
test,4.65587090992729,True,,root_lp_matched_partial_start,3600.1385450698435,755,5.799903368212254,True,test,9,CFL_medium_instance_7,accepted,20000,0.19725026188455227,3665.246303420514
test,4.75799771694099,True,,gnn_class_aware_partial_start,3600.1378658236936,755,5.572013433553634,True,test,9,CFL_medium_instance_7,accepted,20000,0.1460900491931323,3664.6542560402304
test,4.76453001495274,True,,unguided_control,3600.0936876740307,0,5.849783463945881,True,test,9,CFL_medium_instance_9,not_submitted,0,0.18552027706357188,3672.3627975005656
test,4.782231193621323,True,,root_lp_matched_partial_start,3600.1249971902,847,6.057127805468696,True,test,9,CFL_medium_instance_9,accepted,20000,0.21047873724842467,3663.1038815854117
test,4.819154164690773,True,,gnn_class_aware_partial_start,3600.127401098609,847,5.901383762318799,True,test,9,CFL_medium_instance_9,accepted,20000,0.18338573480650772,3663.8875921014696
test,4.453250706773666,True,2002.3243971886113,unguided_control,3600.128889062442,0,4.741101359773271,True,test,9,CFL_medium_instance_12,not_submitted,0,0.0607138787290915,3661.6123385634273
test,4.434673876940186,True,2003.624148488976,root_lp_matched_partial_start,3600.1570263281465,683,4.740932705476565,True,test,9,CFL_medium_instance_12,accepted,20000,0.0645988558712506,3665.592788468115
test,4.741382854739205,True,671.5423831539229,gnn_class_aware_partial_start,701.8388454504311,683,4.741382854739205,False,test,2,CFL_medium_instance_12,accepted,20000,0.0,766.1308455187827
test,4.697435358267776,True,,unguided_control,3600.1249336339533,0,7.216490509035019,True,test,9,CFL_medium_instance_20,not_submitted,0,0.34906928064457304,3665.7217113208026
test,4.6059839677445655,True,,root_lp_matched_partial_start,3600.0855839373544,692,5.675068547431443,True,test,9,CFL_medium_instance_20,accepted,20000,0.1883826725178058,3662.5199668677524
test,5.438233907335695,True,1167.7133134044707,gnn_class_aware_partial_start,1584.6702679386362,692,5.438233907335695,False,test,2,CFL_medium_instance_20,accepted,20000,0.0,1648.6837425353006
