partition,control_first_gap_le_0.1_seconds,guided_first_gap_le_0.1_seconds,method,optimize_time_difference_guided_minus_control,role,source_instance_id,terminal_gap_difference_guided_minus_control
validation,,,root_lp_matched_partial_start,-0.03365759924054146,validation,CFL_medium_instance_5,-0.006476463640659791
validation,,,gnn_class_aware_partial_start,0.014103611931204796,validation,CFL_medium_instance_5,-0.027656459060416777
validation,,,root_lp_matched_partial_start,-0.14848279766738415,validation,CFL_medium_instance_6,0.0025766879649782304
validation,,,gnn_class_aware_partial_start,-0.13367955200374126,validation,CFL_medium_instance_6,-0.021600646149339264
validation,3370.6334779709578,,root_lp_matched_partial_start,0.06903270445764065,validation,CFL_medium_instance_11,0.009292608965377189
validation,3370.6334779709578,,gnn_class_aware_partial_start,0.059089915826916695,validation,CFL_medium_instance_11,0.02326327299910312
validation,2345.968818722293,2324.357013043016,root_lp_matched_partial_start,0.02453338261693716,validation,CFL_medium_instance_14,-0.003521357666025876
validation,2345.968818722293,2455.129453302361,gnn_class_aware_partial_start,0.005251933820545673,validation,CFL_medium_instance_14,-0.0028698924612442223
validation,,,root_lp_matched_partial_start,0.22146289702504873,validation,CFL_medium_instance_17,0.02521523645116798
validation,,,gnn_class_aware_partial_start,0.013737352564930916,validation,CFL_medium_instance_17,0.0073466720700424565
validation,,,root_lp_matched_partial_start,0.029256943613290787,validation,CFL_medium_instance_19,4.582508118095019e-05
validation,,658.5167858451605,gnn_class_aware_partial_start,-2928.7743867030367,validation,CFL_medium_instance_19,-0.1006007738802725
test,2490.553594400175,2209.989820100367,root_lp_matched_partial_start,-0.005833771079778671,test,CFL_medium_instance_0,0.01612301980670912
test,2490.553594400175,1157.8713000752032,gnn_class_aware_partial_start,-0.004181387834250927,test,CFL_medium_instance_0,0.0017232091023952484
test,2287.1938566341996,3070.120048072189,root_lp_matched_partial_start,0.023404301144182682,test,CFL_medium_instance_4,0.006350429891615092
test,2287.1938566341996,3213.7478949027136,gnn_class_aware_partial_start,0.04329585749655962,test,CFL_medium_instance_4,-0.0006584605888834277
test,,,root_lp_matched_partial_start,0.0504980543628335,test,CFL_medium_instance_7,0.030010028962824148
test,,,gnn_class_aware_partial_start,0.04981880821287632,test,CFL_medium_instance_7,-0.02115018372859584
test,,,root_lp_matched_partial_start,0.0313095161691308,test,CFL_medium_instance_9,0.024958460184852788
test,,,gnn_class_aware_partial_start,0.03371342457830906,test,CFL_medium_instance_9,-0.0021345422570641648
test,2002.3243971886113,2003.624148488976,root_lp_matched_partial_start,0.0281372657045722,test,CFL_medium_instance_12,0.003884977142159095
test,2002.3243971886113,671.5423831539229,gnn_class_aware_partial_start,-2898.290043612011,test,CFL_medium_instance_12,-0.0607138787290915
test,,,root_lp_matched_partial_start,-0.03934969659894705,test,CFL_medium_instance_20,-0.16068660812676724
test,,1167.7133134044707,gnn_class_aware_partial_start,-2015.454665695317,test,CFL_medium_instance_20,-0.34906928064457304
