attempt,source_instance_id,threads,slurm_job_id,attempt_report_sha256,log_sha256,log_size_bytes,model_read_setup_seconds,optimize_wall_seconds,solver_runtime_seconds,node_count,termination,log_state,presolve_display_seconds,root_relaxation_state,root_relaxation_display_seconds,root_relaxation_iterations,solver_total_display_seconds,warnings
easy-threads1,CFL_easy_instance_17,1,3468,076b7472c474a94b4be91c787adf0a5c7fe878cf949bf08b1aa129d9922114b2,440cb70ef7fb580df9b1ef0d88de857406e4d242e1f0fbbcfc1ecd60c1835702,9469,0.2814913457259536,53.486407835036516,53.486231088638306,934.0,gap_target_reached,receipt_consistent_observations,1.12,completed,0.27,16179,53.48,
medium-threads1,CFL_medium_instance_1,1,3468,98c29abef8ceb40c4c5ec808d36bdbc3cb053e16cb03d047eb4d669cdf517019,311b8adcec251d7f9dc9b7c931d4630def34a2373435407a0cd929b051580da0,9664,2.563385149464011,300.55941706709564,300.55923104286194,1.0,time_limit,receipt_consistent_observations,13.67,completed,2.46,1600,300.55,
easy-threads2,CFL_easy_instance_17,2,3468,e039c1899869e06bbb85ac0d32d5a784e90c370d8203817a6132859c83f802da,a48ca7bd2e0e844cdce72ac33ed57322ba0efa724986eb800d2b278a80922560,9116,0.31801170390099287,49.613984279334545,49.6138129234314,1033.0,gap_target_reached,receipt_consistent_observations,1.11,completed,0.26,16179,49.61,
medium-threads2,CFL_medium_instance_1,2,3468,dff5420ad5453d6c67e534e92202156404bc7af4831d6fe62cb44355358ad89e,94e3d589cf4067489a9d23aa840195c5efd43b0902e2a3ad6eb2a844e5b135f6,11354,2.548365672118962,300.0795812178403,300.0794072151184,1.0,time_limit,receipt_consistent_observations,13.73,completed,3.04,1600,300.07,
easy-threads4,CFL_easy_instance_17,4,3468,cf2020486ffb7978d8aabfd6de3818a73d8cecff938ff6ac195de0c926e9a81a,df0561a2ef62bbc8ef7c75b270546215feeedb4ec6af4c610a14cc6ad8756eee,11870,0.30101843643933535,59.38867847900838,59.38850402832031,773.0,gap_target_reached,receipt_consistent_observations,1.1,completed,0.27,16179,59.39,
medium-threads4,CFL_medium_instance_1,4,3468,b8d3f60899dac737aafa25561c5d1ad6e6ae99b9dc46c1c482c9d9f84fbd90ff,83585ac3520a7f14e69989fead684c59d117a8f43f82359826e64fda1f4fee94,10097,2.5805371291935444,300.09766912739724,300.09748792648315,1.0,time_limit,receipt_consistent_observations,14.45,completed,3.28,800,300.07,
easy-threads8,CFL_easy_instance_17,8,3468,bfa68cd163f0bc739c6561e30f97a0a60611ba9496a0dc6df1d7324620ce90d5,86a1ff90232c3271d7b4b97cd8b50cdcf24fb70779db69c16188c7af015df121,10447,0.3254680931568146,58.207935431972146,58.207744121551514,2169.0,gap_target_reached,receipt_consistent_observations,1.12,completed,0.27,16179,58.21,
medium-threads8,CFL_medium_instance_1,8,3468,258a7b37de31a5aa394d2796e80ebfacf8c43a00cfe6c87f4766c1f8081fcdb3,58d37caa65170b39e464e3f259dddc175e142c19231a4ecbfc5adc28a6a09f05,9423,2.570077920332551,300.1325614405796,300.13239002227783,1.0,time_limit,receipt_consistent_observations,14.3,completed,3.41,800,300.09,
easy-threads16,CFL_easy_instance_17,16,3468,39ffe798c28ae0a8d208d1d4c2cb7591aff17514923a90aaf444a619cbc46bab,2f1b6b3e0c4cab4068fe04e4fae38cd86fbbdff79ddd26a8e55593b3f2d115cc,10300,0.2997604040428996,54.84328116942197,54.843109130859375,1378.0,gap_target_reached,receipt_consistent_observations,1.11,completed,0.27,16179,54.84,
medium-threads16,CFL_medium_instance_1,16,3468,c43880861b2e4bb2cf23468d7cbcf87f54441adde14e037db452d801e506864b,9d8f9b46a712f13fcdb4a7eb8218decc0e7c4d8237a8ff7fea349825b728c8f4,8602,2.5853773774579167,300.2029957687482,300.20282006263733,1.0,time_limit,unqualified,,unavailable,,,,terminal_summary_receipt_mismatch
