cohort,parent,role,accuracy,f1_score,fn,fp,n_positive,n_targets,precision,recall,test_parent,tn,tp,pr_auc,roc_auc,forward_seconds,case_wall_seconds,gpu_peak_allocated_bytes,selected_support,abstained,prediction_sha256
easy,CFL_easy_instance_0,test,0.9980337837837838,0.5543644716692191,197,94,378,148000,0.6581818181818182,0.47883597883597884,CFL_easy_instance_0,147528,181,0.6158956740038608,0.9975435527131751,0.0776260057464242,2.5866174986585975,300940288,14800,False,bf78709fbf08c5010df953f025089f4a9ceb7db72ad5eed0385a52ab33af093b
easy,CFL_easy_instance_3,test,0.9979959239130435,0.5850914205344585,169,126,377,147200,0.6227544910179641,0.5517241379310345,CFL_easy_instance_3,146697,208,0.6464023821209648,0.9981079096104295,0.018962087109684944,2.3947127424180508,301206528,14720,False,1f9d07c838d7222e46a8cecfc469900576dd2c297b2165867a280a6f8bd01ed5
easy,CFL_easy_instance_6,test,0.9980631868131868,0.6384615384615385,125,157,374,145600,0.6133004926108374,0.6657754010695187,CFL_easy_instance_6,145069,249,0.7307218835343198,0.9988077038104947,0.019006232731044292,2.3136732038110495,301200384,14560,False,5a9c595dd82c60fb9d879e34d61c64f53d79e87ecdc53699a44a091fb38d4fc7
easy,CFL_easy_instance_14,test,0.9979545454545454,0.6206896551724138,130,167,373,145200,0.5926829268292683,0.6514745308310992,CFL_easy_instance_14,144660,243,0.6563733100331743,0.9983981998231745,0.01891937293112278,2.344565295614302,301198848,14520,False,c737f6b195c72cf6c07feca09d5d7aa2104c73b1be5e255beb278134ed9887a4
easy,CFL_easy_instance_27,test,0.9972916666666667,0.5624321389793703,124,279,383,148800,0.48141263940520446,0.6762402088772846,CFL_easy_instance_27,148138,259,0.6100630051370812,0.9980172212894405,0.018838956020772457,2.4417968932539225,301213184,14880,False,ce4ff261f71e93c19a54c8ae239abfbd1f901808040c0cad5bc470927a37a3ab
easy,CFL_easy_instance_29,test,0.9974660326086957,0.5813692480359147,120,253,379,147200,0.505859375,0.683377308707124,CFL_easy_instance_29,146568,259,0.66771204225948,0.9981498839818213,0.01883420441299677,2.4412844264879823,301206528,14720,False,ea3be25d686bba241c29b8d40988347b72931dbeeaf2fd07bb157118c0d7ab3a
easy,CFL_medium_instance_0,test,0.9992161458333333,0.1828054298642534,642,261,743,1152000,0.27900552486187846,0.13593539703903096,CFL_medium_instance_0,1150996,101,0.21197657811649562,0.9969262107420578,0.10709115024656057,18.718239502981305,2320073728,20000,False,c15977e924a660b89e0c0515bae745edd68dd6aec428bb1e568d648e19060974
easy,CFL_medium_instance_4,test,0.9992748990578735,0.21493624772313297,648,214,766,1188800,0.35542168674698793,0.15404699738903394,CFL_medium_instance_4,1187820,118,0.25922458459220316,0.997642919499394,0.10838799271732569,18.042233610525727,2320221184,20000,False,03d28ee8415391fe402ab50408adf947e46299f13374db829883461c65845b32
easy,CFL_medium_instance_7,test,0.9992444674965422,0.17077798861480076,656,218,746,1156800,0.2922077922077922,0.12064343163538874,CFL_medium_instance_7,1155836,90,0.20019413183835796,0.9965957460979482,0.10304364282637835,17.43456075247377,2320093184,20000,False,e3384fe5b3b0b74c34e7572f0ef6e215bd2783ebe26e41b392a7dec9eb236965
easy,CFL_medium_instance_12,test,0.999225449515906,0.18248175182481752,646,250,746,1156800,0.2857142857142857,0.13404825737265416,CFL_medium_instance_12,1155804,100,0.1978287818453147,0.9962631329442755,0.1073220307007432,17.52807794138789,2320093184,20000,False,dffa8778799221277095394c484581d318523c3342bd8edc8fbf00ef711201a8
mixed,CFL_easy_instance_0,test,0.998195945945946,0.6649937264742786,113,154,378,148000,0.6324582338902148,0.701058201058201,CFL_easy_instance_0,147468,265,0.702567958989362,0.9986443998718592,0.017848367802798748,2.5476323291659355,301210112,14800,False,30e2fe873fb97ea987611736a7c87ce14e007c79f4c938ea72b748958c96b304
mixed,CFL_easy_instance_3,test,0.9983627717391305,0.6937738246505718,104,137,377,147200,0.6658536585365854,0.7241379310344828,CFL_easy_instance_3,146686,273,0.7715892552462518,0.9991887324731447,0.01746541727334261,2.409036901779473,301206528,14720,False,1ff2925dfa524a5a65513adf7b66879ceedf1bc1323b57bb53b96b131e9c1500
mixed,CFL_easy_instance_6,test,0.9986126373626374,0.7436548223350254,81,121,374,145600,0.7077294685990339,0.7834224598930482,CFL_easy_instance_6,145105,293,0.8220670025970964,0.9994644802557784,0.017435605637729168,2.381815546192229,301200384,14560,False,2ed9dda7a58ae531cd82464f5b897c409253b5aa9706103d38f7a6f7e72e88b3
mixed,CFL_easy_instance_14,test,0.9984366391184573,0.7070967741935483,99,128,373,145200,0.681592039800995,0.7345844504021448,CFL_easy_instance_14,144699,274,0.8101234751931625,0.99936241762868,0.017468679696321487,2.372853722423315,301198848,14520,False,c3e5b7879666e68b8c82da197358181c23d96d4ec6a5f1ff73afb0b6e02d92c6
mixed,CFL_easy_instance_27,test,0.9985013440860215,0.7100130039011703,110,113,383,148800,0.7072538860103627,0.7127937336814621,CFL_easy_instance_27,148304,273,0.7749250758931359,0.9992511484691772,0.017426926642656326,2.436140662059188,301213184,14880,False,f7ba28a39a2643f981fffe3c00cd800d439f1d4150df6e27677787323cc6c6e9
mixed,CFL_easy_instance_29,test,0.9986616847826087,0.7540574282147315,77,120,379,147200,0.7156398104265402,0.7968337730870713,CFL_easy_instance_29,146701,302,0.8298189622722697,0.9994029399754253,0.024951056577265263,2.423333313316107,301206528,14720,False,98a7fb972e2e88714ac8c04ce1bce5c84ae94248ca7acfe56b794c5ebe3b91fe
mixed,CFL_medium_instance_0,test,0.9995842013888889,0.6743711760707002,247,232,743,1152000,0.6813186813186813,0.6675639300134589,CFL_medium_instance_0,1151025,496,0.7521029691986456,0.999762221982582,0.2162487804889679,17.959115679375827,2320073728,20000,False,62ed822e5daa7030d7ef960e6827f8b735a5e641e1eab6609dede042305e29d3
mixed,CFL_medium_instance_4,test,0.9996122139973083,0.6965108624094799,237,224,766,1188800,0.702523240371846,0.6906005221932114,CFL_medium_instance_4,1187810,529,0.7948568599609255,0.9998112169526704,0.19780150335282087,18.648802329786122,2320221184,20000,False,a5b2f9562dd0e4605c2ad79eb7f419056c805000bd4823f7e0dfef8658015cd4
mixed,CFL_medium_instance_7,test,0.9996533540802213,0.7328447701532312,196,205,746,1156800,0.7284768211920529,0.7372654155495979,CFL_medium_instance_7,1155849,550,0.8125739870045279,0.9998405242311033,0.10710436757653952,18.194954781793058,2320093184,20000,False,5d79d414f8d17adbf0f5ec864b85405f6a618da7abd15fc842c65858e3b6f1a9
mixed,CFL_medium_instance_12,test,0.9995669087136929,0.6494051784464661,282,219,746,1156800,0.6793557833089312,0.6219839142091153,CFL_medium_instance_12,1155835,464,0.7343683336229793,0.9997069727175977,0.10303357616066933,17.923429870977998,2320093184,20000,False,d06306f6e8a2240c4d8e54bdfc00bd55d69d595080084b27a6e69feae4244f2a
