parent,method,runtime_ratio_vs_control,runtime_difference_seconds,local_pipeline_ratio_vs_control,gap_difference_percentage_points,primal_difference,source_return_sha256
F0,root_lp_matched_partial_start,1.0723710707042282,7.475594997406006,1.0618717215845346,1.158960347659433e-13,0.0,60260ac77b84538316b725ac0d38033fd3c4afa29b056915085b9455f749cfce
F0,gnn_class_aware_partial_start,3.021900254169573,208.85289216041565,2.8635438511221283,0.008264760723923573,0.0,60260ac77b84538316b725ac0d38033fd3c4afa29b056915085b9455f749cfce
F3,root_lp_matched_partial_start,1.0131286834924063,0.946465015411377,1.020009442550355,0.0,0.0,60260ac77b84538316b725ac0d38033fd3c4afa29b056915085b9455f749cfce
F3,gnn_class_aware_partial_start,0.5585191137162862,-31.826969861984253,0.6083150594224155,0.0,0.0,60260ac77b84538316b725ac0d38033fd3c4afa29b056915085b9455f749cfce
F6,root_lp_matched_partial_start,1.0387054137810623,2.6117100715637207,1.0401780646070036,0.0,0.0,60260ac77b84538316b725ac0d38033fd3c4afa29b056915085b9455f749cfce
F6,gnn_class_aware_partial_start,1.561212447809439,37.86871290206909,1.5092912848035234,0.005289659463309394,0.0,60260ac77b84538316b725ac0d38033fd3c4afa29b056915085b9455f749cfce
F14,root_lp_matched_partial_start,0.9248634554286107,-6.700984954833984,0.9227112435625777,0.0,0.0,60260ac77b84538316b725ac0d38033fd3c4afa29b056915085b9455f749cfce
F14,gnn_class_aware_partial_start,0.8498634458714538,-13.389793157577515,0.8555191776358693,0.0,0.0,60260ac77b84538316b725ac0d38033fd3c4afa29b056915085b9455f749cfce
F27,root_lp_matched_partial_start,1.0685154955848324,4.481571912765503,1.0676813253010218,-1.9250462434771006e-14,0.0,60260ac77b84538316b725ac0d38033fd3c4afa29b056915085b9455f749cfce
F27,gnn_class_aware_partial_start,0.7719748705979202,-14.915035009384155,0.7990304216472559,0.004009988168154605,0.0,60260ac77b84538316b725ac0d38033fd3c4afa29b056915085b9455f749cfce
F29,root_lp_matched_partial_start,1.0052730542211767,0.47888994216918945,1.0087637778766176,0.007807404231341782,0.0,60260ac77b84538316b725ac0d38033fd3c4afa29b056915085b9455f749cfce
F29,gnn_class_aware_partial_start,1.5628286795470592,51.11515688896179,1.5213089723295916,0.008875089100294721,0.0,60260ac77b84538316b725ac0d38033fd3c4afa29b056915085b9455f749cfce
