parent,source_instance_id,method,primal,dual,gap_fraction,status_code,solver_runtime_seconds,optimize_wall_seconds,local_pipeline_wall_seconds,load_build_seconds,audit_seconds,other_including_export_seconds,export_seconds_subset_of_other,first_feasible_seconds,first_observed_gap_1pct_seconds,nodes,start_accepted_recorded,selected_support,positive_assignments,sampled_cgroup_peak_gib,root_precomputation_seconds,full_end_to_end_seconds,gurobi_log_sha256,source_return_sha256
F0,CFL_easy_instance_0,unguided_control,6.130863210247613,6.130863210247611,2.897400869148583e-16,2,103.29534888267517,103.2980860164389,112.34121082350612,5.158355404622853,3.221135647036135,0.6636337554082274,0.32044238317757845,0.01663044560700655,97.22921784222126,632.0,,0,0,0.49181365966796875,,,a5e15c1a819cc5eb05457ea03b02ababdeee4fe82037e3bacc4b3fb6d853e995,60260ac77b84538316b725ac0d38033fd3c4afa29b056915085b9455f749cfce
F0,CFL_easy_instance_0,root_lp_matched_partial_start,6.130863210247613,6.130863210247604,1.4487004345742914e-15,2,110.77094388008118,110.77289984654635,119.2919549420476,4.70045124925673,3.0879816925153136,0.7306221537292004,0.3982413876801729,0.13979121670126915,96.65885914023966,658.0,True,14800,419,0.4961738586425781,,,03371e2df18022d477426d942031192c0e1facfcb5eceaa3084fbcc7573c079f,60260ac77b84538316b725ac0d38033fd3c4afa29b056915085b9455f749cfce
F0,CFL_easy_instance_0,gnn_class_aware_partial_start,6.130863210247613,6.130356509072973,8.264760723952546e-05,2,312.1482410430908,312.2497450839728,321.6939834812656,5.232777199707925,3.3801553463563323,0.8313058512285352,0.4560563173145056,0.2461229432374239,279.1576731055975,3267.0,True,14800,419,0.4940338134765625,,,63d5a578d6285ee4009f299c5bf6846ba64630fc39b232f13eec6a9198a727d9,60260ac77b84538316b725ac0d38033fd3c4afa29b056915085b9455f749cfce
F3,CFL_easy_instance_3,unguided_control,5.322173005485017,5.322173005485017,0.0,2,72.09138798713684,72.09312953334302,80.37927540391684,4.426605687476695,3.06770455930382,0.791835623793304,0.46291332226246595,0.017852787859737873,72.07997138053179,808.0,,0,0,0.39176177978515625,,,3cb0a125821cb4cb62b044019eecd92f6fce548c72aa4c36d82a687ac8aa09e4,60260ac77b84538316b725ac0d38033fd3c4afa29b056915085b9455f749cfce
F3,CFL_easy_instance_3,root_lp_matched_partial_start,5.322173005485017,5.322173005485017,0.0,2,73.03785300254822,73.04121318180114,81.98761989735067,4.936326349154115,3.2099947836250067,0.8000855827704072,0.45414918567985296,0.14636679273098707,73.02677478268743,814.0,True,14720,410,0.41436767578125,,,6104518d3b5753dc9196467c1557a22b7564492fd59ea0cfc154cb3d35c34dfd,60260ac77b84538316b725ac0d38033fd3c4afa29b056915085b9455f749cfce
F3,CFL_easy_instance_3,gnn_class_aware_partial_start,5.322173005485017,5.322173005485017,0.0,2,40.26441812515259,40.266236369498074,48.89592369366437,4.738049282692373,3.128211480565369,0.763426560908556,0.4296766920015216,0.14467529486864805,39.627495902590454,1001.0,True,14720,410,0.4136161804199219,,,dcc3513bccb26bed10c9e6767ac9ed23d11b32286c411605dd58edc174f85bf9,60260ac77b84538316b725ac0d38033fd3c4afa29b056915085b9455f749cfce
F6,CFL_easy_instance_6,unguided_control,5.048701307021278,5.048701307021278,0.0,2,67.47660899162292,67.47876513469964,75.62761675473303,4.362640711478889,2.995984765700996,0.7902261428534985,0.46784894447773695,0.016287006437778473,67.46595177333802,710.0,,0,0,0.3848152160644531,,,2f166eb349b765aef196202d9a93e2d89bb28eb9b87c244df85e0bf8c760b1af,60260ac77b84538316b725ac0d38033fd3c4afa29b056915085b9455f749cfce
F6,CFL_easy_instance_6,root_lp_matched_partial_start,5.048701307021278,5.048701307021278,0.0,2,70.08831906318665,70.09021259751171,78.6661880267784,4.764373398385942,3.027079153805971,0.7845228770747781,0.4632099000737071,0.12908470537513494,70.07695062179118,724.0,True,14560,414,0.395355224609375,,,4c480c41c0b36b493eeed240cb1064f5c56d24ba9dee06c92c852cf07ae613be,60260ac77b84538316b725ac0d38033fd3c4afa29b056915085b9455f749cfce
F6,CFL_easy_instance_6,gnn_class_aware_partial_start,5.048701307021278,5.048434247914817,5.289659463309394e-05,2,105.34532189369202,105.34713631402701,114.14410285837948,4.820164547301829,3.163912362419069,0.8128896346315742,0.47008416056632996,0.12988507468253374,105.3262346368283,1303.0,True,14560,414,0.4291229248046875,,,c5c6c97800021f490602c99e0adae45ac2f94b2fda7c95ee352533add6cc9ceb,60260ac77b84538316b725ac0d38033fd3c4afa29b056915085b9455f749cfce
F14,CFL_easy_instance_14,unguided_control,5.256041651637308,5.256041651637308,0.0,2,89.1840980052948,90.434689742513,98.80136563070118,4.502305461093783,3.0200109304860234,0.8443594966083765,0.48726527858525515,1.2648521130904555,90.41852319333702,1168.0,,0,0,0.474365234375,,,5effc6e9d7c68dc07bd2562a11e7a426ff98934a7b39f0144fa67643db897118,60260ac77b84538316b725ac0d38033fd3c4afa29b056915085b9455f749cfce
F14,CFL_easy_instance_14,root_lp_matched_partial_start,5.256041651637308,5.256041651637308,0.0,2,82.48311305046082,82.48704761639237,91.16513094678521,4.804825412109494,3.079307590611279,0.7939503276720643,0.46834214217960835,0.13680200465023518,82.47360047418624,861.0,True,14520,402,0.4148368835449219,,,2ea238c318707726a0b90f5ad936a92f774e0788c13ef95b2cae412a973ab32a,60260ac77b84538316b725ac0d38033fd3c4afa29b056915085b9455f749cfce
F14,CFL_easy_instance_14,gnn_class_aware_partial_start,5.256041651637308,5.256041651637308,0.0,2,75.79430484771729,75.79631361272186,84.52646307367831,4.791833226568997,3.118891527876258,0.8194247065111995,0.47710900101810694,0.16000951267778873,73.97262767050415,1555.0,True,14520,402,0.4008216857910156,,,d544280a25198cb6593104ab547ed3c18b80b565a194e1ed0f1f75dbe1c3a369,60260ac77b84538316b725ac0d38033fd3c4afa29b056915085b9455f749cfce
F27,CFL_easy_instance_27,unguided_control,4.613803033094205,4.613803033094203,3.8500924869542015e-16,2,65.4096109867096,65.4117054482922,73.82998301368207,4.460729066282511,3.1463020257651806,0.8112464733421803,0.4779380355030298,0.015576617792248726,65.39679579623044,722.0,,0,0,0.4755134582519531,,,f95bc2f2a2ddc6bca9bb9a9d027ca7c2fbde6b2cc136811ce1d3800885769806,60260ac77b84538316b725ac0d38033fd3c4afa29b056915085b9455f749cfce
F27,CFL_easy_instance_27,root_lp_matched_partial_start,4.613803033094205,4.613803033094204,1.9250462434771007e-16,2,69.8911828994751,69.89334942214191,78.826894111,5.036674626171589,3.1556912511587143,0.7411788115277886,0.39755077101290226,0.14083966985344887,69.875423357822,797.0,True,14880,386,0.4836921691894531,,,923f01b33dcb704fbdf0d890ea17eba5583be0bf22900b9b90446d8fe50aa95a,60260ac77b84538316b725ac0d38033fd3c4afa29b056915085b9455f749cfce
F27,CFL_easy_instance_27,gnn_class_aware_partial_start,4.613803033094205,4.613618020138474,4.0099881681931054e-05,2,50.49457597732544,50.49622135423124,58.992402457632124,4.68463431391865,3.008470417931676,0.80307637155056,0.476962155662477,0.14039887208491564,49.37645800970495,801.0,True,14880,386,0.39055633544921875,,,bcf1889b639452bb883797019e0dacb8699d1b4d4a858b8879148b576fdf8740,60260ac77b84538316b725ac0d38033fd3c4afa29b056915085b9455f749cfce
F29,CFL_easy_instance_29,unguided_control,5.258786973056033,5.258786973056033,0.0,2,90.81832313537598,90.82061329297721,98.95986578147858,4.313138594850898,3.1085787508636713,0.7175351427868009,0.40100924856960773,0.018952216021716595,87.552630786784,983.0,,0,0,0.4819984436035156,,,8f20f9a4358075e51216cea7efdd2b00cb12e4a36d3ec167b77c0931052a240a,60260ac77b84538316b725ac0d38033fd3c4afa29b056915085b9455f749cfce
F29,CFL_easy_instance_29,root_lp_matched_partial_start,5.258786973056033,5.258376398299381,7.807404231341782e-05,2,91.29721307754517,91.2994121266529,99.82712806388736,4.662417118437588,3.047119475901127,0.8181793428957462,0.4897669795900583,0.13797524105757475,88.2151801744476,914.0,True,14720,422,0.4921722412109375,,,260048e0fe0c8e7249d1218b7ce067527574bc8e6b3cf32318d9953349866b30,60260ac77b84538316b725ac0d38033fd3c4afa29b056915085b9455f749cfce
F29,CFL_easy_instance_29,gnn_class_aware_partial_start,5.258786973056033,5.258320251026579,8.875089100294722e-05,2,141.93348002433777,141.93540526274592,150.5485317138955,4.816569822840393,3.069956036284566,0.7266005920246243,0.3903389936313033,0.15685621928423643,137.3481345269829,1168.0,True,14720,422,0.4630546569824219,,,750a16d2e9fe4abe3baf0b8751fa3513a430296496b34bc3b36d4d4ffde8d98e,60260ac77b84538316b725ac0d38033fd3c4afa29b056915085b9455f749cfce
