sample_id,source_instance_id,difficulty,density,discrete_fraction,constraint_variable_ratio,positive_label_fraction,objective_log_mean,objective_log_std,rhs_log_mean,rhs_log_std,coefficient_log_mean,coefficient_log_std,lower_bound_log_mean,upper_bound_log_mean,fixed_domain_fraction,variable_degree_std,constraint_degree_std,root_lp_mean,root_lp_std,binary_lp_fractionality,mip_gap_relative,execution_time_seconds,pca_component_1,pca_component_2,cluster_id
CFL_easy_instance_0,CFL_easy_instance_0,easy,0.0024968827930174566,0.9226932668329177,0.004987531172069825,0.0025540541391819715,0.052312721222757395,0.08926520660350891,0.3465735912322998,0.3465735912322998,0.5366661548614502,0.3064216375350952,0.0,0.6931471824645996,0.0,0.04987531172069825,13.2534901063833,0.0024969694679380164,0.0498754397257788,3.472315251742288e-06,0.0,398.10509181022644,-1.7488223609280542,-0.28715417255534703,2
CFL_easy_instance_1,CFL_easy_instance_1,easy,0.0024968827930174566,0.9251870324189526,0.004987531172069825,0.0025606469716876745,0.05253148984373866,0.09020226356200631,0.3465735912322998,0.3465735912322998,0.5251383781433105,0.314115047454834,0.0,0.6931471824645996,0.0,0.04987531172069825,13.66125909277765,0.002496768140616337,0.049875410671914,3.2453487524290543e-06,0.0,295.20424485206604,-2.1184039869110247,1.490267288279988,1
CFL_easy_instance_10,CFL_easy_instance_10,easy,0.0024968827930174566,0.9301745635910225,0.004987531172069825,0.0025737264659255743,0.05235914522822308,0.08887533855386744,0.3465735912322998,0.3465735912322998,0.5280342698097229,0.31224602460861206,0.0,0.6931471824645996,0.0,0.04987531172069825,13.56180297748054,0.0024968187228097054,0.04987543353986517,3.282326666733974e-06,0.0,278.388884305954,-1.9673907507389834,1.3813564226384327,1
CFL_easy_instance_11,CFL_easy_instance_11,easy,0.0024968827930174566,0.9027431421446384,0.004987531172069825,0.0025690607726573944,0.0525124510249145,0.0902350672024993,0.3465735912322998,0.3465735912322998,0.5300821661949158,0.31187450885772705,0.0,0.6931471824645996,0.0,0.04987531172069825,14.040833308603874,0.0024968599930399737,0.04987544065483054,3.427782345385083e-06,0.0,452.66460847854614,-1.9730414968622796,-0.5234277632149464,1
CFL_easy_instance_12,CFL_easy_instance_12,easy,0.0024968827930174566,0.9276807980049875,0.004987531172069825,0.002560483757406473,0.05234267931923227,0.08940008249432249,0.3465735912322998,0.3465735912322998,0.531090497970581,0.3086646497249603,0.0,0.6931471824645996,0.0,0.04987531172069825,13.579120000942623,0.0024968641662101525,0.04987542677922138,3.340136156642989e-06,0.0,397.20423460006714,-1.8698022863197763,0.788106070923998,2
CFL_easy_instance_13,CFL_easy_instance_13,easy,0.0024968827930174566,0.8877805486284289,0.004987531172069825,0.00257022469304502,0.052464510755552536,0.09003644194134483,0.3465735912322998,0.3465735912322998,0.5390110611915588,0.3052794933319092,0.0,0.6931471824645996,0.0,0.04987531172069825,13.484713567592008,0.002497013052676173,0.04987543799314801,3.6579610200712185e-06,0.0,70.04688906669617,-1.7048428616419717,-2.6764006590614136,2
CFL_easy_instance_14,CFL_easy_instance_14,easy,0.0024968827930174566,0.9052369077306733,0.004987531172069825,0.002568870550021529,0.052386024783599806,0.08837101187245355,0.3465735912322998,0.3465735912322998,0.5262184739112854,0.3152353763580322,0.0,0.6931471824645996,0.0,0.04987531172069825,14.371760504545016,0.0024967975387494754,0.04987542484010382,3.3493472136076567e-06,0.0,305.9943673610687,-1.9849754570091176,0.18903587136007585,1
CFL_easy_instance_15,CFL_easy_instance_15,easy,0.0024968827930174566,0.9376558603491272,0.004987531172069825,0.002566489391028881,0.05238365510972438,0.08815787068484594,0.3465735912322998,0.3465735912322998,0.5194792747497559,0.31737634539604187,0.0,0.6931471824645996,0.0,0.04987531172069825,13.990264472124892,0.002496668014095305,0.049875395612502114,3.0954086495139952e-06,0.0,324.3743095397949,-2.1548504864458207,3.035879008053769,1
CFL_easy_instance_16,CFL_easy_instance_16,easy,0.0024968827930174566,0.912718204488778,0.004987531172069825,0.002575136721134186,0.05241695580955496,0.08994252032528878,0.3465735912322998,0.3465735912322998,0.5234140157699585,0.3148077130317688,0.0,0.6931471824645996,0.0,0.04987531172069825,13.902427845523961,0.0024967365326364174,0.04987542187134329,3.2550535169491156e-06,0.0,272.60535740852356,-2.0745594684986948,1.0059257073095462,1
CFL_easy_instance_17,CFL_easy_instance_17,easy,0.0024968827930174566,0.8952618453865336,0.004987531172069825,0.002562673995271325,0.05253826066751492,0.08993035355063135,0.3465735912322998,0.3465735912322998,0.5322281122207642,0.3096664845943451,0.0,0.6931471824645996,0.0,0.04987531172069825,12.791110194193466,0.0024968935938801664,0.049875447063348406,3.493958623806985e-06,0.0,320.5771920681,-1.8945522602463043,-1.2740710249072564,2
CFL_easy_instance_18,CFL_easy_instance_18,easy,0.0024968827930174566,0.9077306733167082,0.004987531172069825,0.0025686812587082386,0.05221632935102862,0.08729005193783275,0.3465735912322998,0.3465735912322998,0.5260072350502014,0.316375732421875,0.0,0.6931471824645996,0.0,0.04987531172069825,14.758641536401647,0.002496800116759143,0.049875385212462466,3.342985770374511e-06,0.0,322.97228932380676,-1.926451899410864,0.3819374818421881,1
CFL_easy_instance_19,CFL_easy_instance_19,easy,0.0024968827930174566,0.9052369077306733,0.004987531172069825,0.0025757576804608107,0.05247580626357326,0.0907247638076656,0.3465735912322998,0.3465735912322998,0.5260030627250671,0.31468677520751953,0.0,0.6931471824645996,0.0,0.04987531172069825,14.062894438912638,0.00249678952466623,0.04987544960072675,3.3404941905183595e-06,0.0,299.527615070343,-2.075070927056181,0.20461490253001072,1
CFL_easy_instance_2,CFL_easy_instance_2,easy,0.0024968827930174566,0.9177057356608479,0.004987531172069825,0.0025611412711441517,0.05245606615127795,0.0903501880869199,0.3465735912322998,0.3465735912322998,0.5322027206420898,0.30843961238861084,0.0,0.6931471824645996,0.0,0.04987531172069825,13.262164227606291,0.002496886643078821,0.04987542092933476,3.4009344418675284e-06,5.972665213798435e-10,755.8743679523468,-1.9004274830060655,0.04058821746611514,2
CFL_easy_instance_20,CFL_easy_instance_20,easy,0.0024968827930174566,0.9177057356608479,0.004987531172069825,0.002574728336185217,0.05237319553093417,0.08659452058225499,0.3465735912322998,0.3465735912322998,0.5293360948562622,0.3106023967266083,0.0,0.6931471824645996,0.0,0.04987531172069825,14.236484818943193,0.002496837747181553,0.04987539202799032,3.347653858159808e-06,0.0,351.20700550079346,-1.8314226756721044,0.46504910259808613,1
CFL_easy_instance_21,CFL_easy_instance_21,easy,0.0024968827930174566,0.9251870324189526,0.004987531172069825,0.0025741239078342915,0.052378746714907644,0.08931902717413127,0.3465735912322998,0.3465735912322998,0.5335946679115295,0.3120517432689667,0.0,0.6931471824645996,0.0,0.04987531172069825,13.941215872369238,0.002496935551601721,0.049875457081858414,3.4262970142592015e-06,0.0,212.9612364768982,-1.9215221855932703,0.3188632533099036,2
CFL_easy_instance_22,CFL_easy_instance_22,easy,0.0024968827930174566,0.8927680798004988,0.004987531172069825,0.002562849083915353,0.052454718544094565,0.09062118232233225,0.3465735912322998,0.3465735912322998,0.5227516293525696,0.31308820843696594,0.0,0.6931471824645996,0.0,0.04987531172069825,14.206600578604299,0.0024967126358562118,0.04987541369057575,3.3010250791644543e-06,0.0,310.89610528945923,-2.033446070745752,-0.08894073724758222,1
CFL_easy_instance_23,CFL_easy_instance_23,easy,0.0024968827930174566,0.9226932668329177,0.004987531172069825,0.002567567629739642,0.05238081579803111,0.08972345619272776,0.3465735912322998,0.3465735912322998,0.5391439199447632,0.3087015450000763,0.0,0.6931471824645996,0.0,0.04987531172069825,14.78681845428556,0.0024970359379990425,0.04987544530773739,3.5443544259892037e-06,0.0,339.3376941680908,-1.8079834160236632,-0.6167624981932677,2
CFL_easy_instance_24,CFL_easy_instance_24,easy,0.0024968827930174566,0.9077306733167082,0.004987531172069825,0.0025686812587082386,0.05230991845075402,0.08886366768813884,0.3465735912322998,0.3465735912322998,0.5345504283905029,0.3104251027107239,0.0,0.6931471824645996,0.0,0.04987531172069825,14.597602542883541,0.002496947119545196,0.04987543841463976,3.5049311473178204e-06,0.0,456.5579295158386,-1.804295049914108,-0.8449401830066429,2
CFL_easy_instance_25,CFL_easy_instance_25,easy,0.0024968827930174566,0.9201995012468828,0.004987531172069825,0.002574525773525238,0.05237314326056421,0.08959502177388683,0.3465735912322998,0.3465735912322998,0.5321078896522522,0.31000617146492004,0.0,0.6931471824645996,0.0,0.04987531172069825,13.730895819282877,0.002496892480876292,0.04987544002275201,3.3980618736944457e-06,0.0,287.59494805336,-1.8880530778235032,0.2163179723191612,2
CFL_easy_instance_26,CFL_easy_instance_26,easy,0.0024968827930174566,0.9102244389027432,0.004987531172069825,0.0025684931315481663,0.0523455381670574,0.08938551722569625,0.3465735912322998,0.3465735912322998,0.5289788246154785,0.3099993169307709,0.0,0.6931471824645996,0.0,0.04987531172069825,14.362276978251046,0.002496826554885118,0.049875411912920095,3.362872627212087e-06,0.0,321.85774874687195,-1.8778678970937803,0.06379376693735765,1
CFL_easy_instance_27,CFL_easy_instance_27,easy,0.0024968827930174566,0.9276807980049875,0.004987531172069825,0.0025739248376339674,0.0523873993479891,0.08800560146395252,0.3465735912322998,0.3465735912322998,0.5357057452201843,0.30717527866363525,0.0,0.6931471824645996,0.0,0.04987531172069825,14.567171997337026,0.0024969537249697007,0.04987544434824762,3.4366766474460613e-06,0.0,209.96488857269287,-1.769848748966155,0.14434678496202313,2
CFL_easy_instance_28,CFL_easy_instance_28,easy,0.0024968827930174566,0.9027431421446384,0.004987531172069825,0.0025690607726573944,0.05233084560204035,0.08859948987602735,0.3465735912322998,0.3465735912322998,0.5341789126396179,0.30813711881637573,0.0,0.6931471824645996,0.0,0.04987531172069825,13.820908074363276,0.002496926465668095,0.049875449959328584,3.501416389243327e-06,0.0,314.71501660346985,-1.750172156714428,-1.102414398871281,2
CFL_easy_instance_29,CFL_easy_instance_29,easy,0.0024968827930174566,0.9177057356608479,0.004987531172069825,0.002574728336185217,0.05241615650190068,0.08959838887306783,0.3465735912322998,0.3465735912322998,0.5272241830825806,0.3098851144313812,0.0,0.6931471824645996,0.0,0.04987531172069825,14.159978813543471,0.00249678962502935,0.049875424950738156,3.2952164042646237e-06,0.0,368.76347303390503,-1.9379396539579585,0.7406720831868525,1
CFL_easy_instance_3,CFL_easy_instance_3,easy,0.0024968827930174566,0.9177057356608479,0.004987531172069825,0.0025611412711441517,0.052514112271387005,0.09065983647545335,0.3465735912322998,0.3465735912322998,0.5398621559143066,0.30550071597099304,0.0,0.6931471824645996,0.0,0.04987531172069825,14.44896190042731,0.0024970329871781983,0.049875447670327415,3.560401789286516e-06,0.0,318.23361229896545,-1.7973529847098157,-1.0384181217782291,2
CFL_easy_instance_4,CFL_easy_instance_4,easy,0.0024968827930174566,0.9052369077306733,0.004987531172069825,0.002568870550021529,0.052394671067665724,0.09026876745097907,0.3465735912322998,0.3465735912322998,0.525201678276062,0.3139643669128418,0.0,0.6931471824645996,0.0,0.04987531172069825,14.083944759903028,0.0024967693233745657,0.04987543493690408,3.3181781630874934e-06,0.0,317.97805094718933,-2.026493762863838,0.31446279847872693,1
CFL_easy_instance_5,CFL_easy_instance_5,easy,0.0024968827930174566,0.9152119700748129,0.004987531172069825,0.002568119904026389,0.05248454175647439,0.0894867867311793,0.3465735912322998,0.3465735912322998,0.5256660580635071,0.31404152512550354,0.0,0.6931471824645996,0.0,0.04987531172069825,14.0860746838855,0.0024967793988256394,0.04987541554015934,3.2930216051265446e-06,0.0,357.5241873264313,-2.0529858637883796,0.8354691006619076,1
CFL_easy_instance_6,CFL_easy_instance_6,easy,0.0024968827930174566,0.9077306733167082,0.004987531172069825,0.0025686812587082386,0.05242555060490676,0.08858356308710709,0.3465735912322998,0.3465735912322998,0.5402889847755432,0.30698448419570923,0.0,0.6931471824645996,0.0,0.04987531172069825,13.650549439491439,0.00249705013562366,0.04987544912686021,3.618418640350988e-06,0.0,206.87973523139954,-1.7144892867364412,-1.6634719479870128,2
CFL_easy_instance_7,CFL_easy_instance_7,easy,0.0024968827930174566,0.8952618453865336,0.004987531172069825,0.0025696379598230124,0.05229891319134496,0.08745510950549833,0.3465735912322998,0.3465735912322998,0.5352961421012878,0.30692729353904724,0.0,0.6931471824645996,0.0,0.04987531172069825,14.105495383005874,0.0024969435881286883,0.04987541318565164,3.5498017816266548e-06,0.0,293.79910588264465,-1.6546906980755998,-1.6994666158887057,2
CFL_easy_instance_8,CFL_easy_instance_8,easy,0.0024968827930174566,0.9226932668329177,0.004987531172069825,0.002560810884460807,0.05222693989719273,0.08994287666207519,0.3465735912322998,0.3465735912322998,0.5308557152748108,0.3105660676956177,0.0,0.6931471824645996,0.0,0.04987531172069825,14.92472780321303,0.0024968702211147086,0.04987544637361121,3.3647531540491153e-06,0.0,400.69857692718506,-1.8750443603898126,0.5436993047808173,2
CFL_easy_instance_9,CFL_easy_instance_9,easy,0.0024968827930174566,0.9102244389027432,0.004987531172069825,0.0025616437196731567,0.052333802095694854,0.09033562626466485,0.3465735912322998,0.3465735912322998,0.5350557565689087,0.30628007650375366,0.0,0.6931471824645996,0.0,0.04987531172069825,13.691329373001,0.0024969344945212388,0.049875454590458584,3.4814583644294717e-06,0.0,387.74396419525146,-1.7713632115705822,-0.8020642929397206,2
CFL_medium_instance_0,CFL_medium_instance_0,medium,0.0008328131502288806,0.898876404494382,0.0018726591760299626,0.0006449652719311416,0.05036785265317805,0.06551655646090757,0.2310490608215332,0.3267527153873784,0.5360085368156433,0.27599862217903137,0.0,0.6931471824645996,0.0,0.035311200059253305,377.3406481181457,0.0006246125710420052,0.02497660617137537,4.370408397863512e-07,0.06966822782913246,3600.133940935135,6.42580395964096,-0.9460369131290064,0
CFL_medium_instance_1,CFL_medium_instance_1,medium,0.0008328131502288806,0.9126092384519351,0.0018726591760299626,0.0006438098498620093,0.05036331775868876,0.06574864999561222,0.2310490608215332,0.3267527153873784,0.5326521992683411,0.2765944004058838,0.0,0.6931471824645996,0.0,0.035311200059253305,377.3499609852313,0.0006246040165380973,0.024976606326302702,4.210906251928532e-07,0.07246012290707497,3600.14004778862,6.323978133661432,0.317977282593138,0
CFL_medium_instance_15,CFL_medium_instance_15,medium,0.0008328131502288806,0.9213483146067416,0.0018726591760299626,0.0006419376586563885,0.050387659516008564,0.06668412249461733,0.2310490608215332,0.3267527153873784,0.531998336315155,0.2771947979927063,0.0,0.6931471824645996,0.0,0.035311200059253305,377.3454150009276,0.0006246026346533194,0.02497660555360971,4.155966901203663e-07,0.059788637375943796,14400.668487071991,6.242598818035084,0.9186119831587383,0
CFL_medium_instance_16,CFL_medium_instance_16,medium,0.0008328131502288806,0.9113607990012484,0.0018726591760299626,0.0006455479306168854,0.05038170544080889,0.06613648767669066,0.2310490608215332,0.3267527153873784,0.536548912525177,0.2762613892555237,0.0,0.6931471824645996,0.0,0.035311200059253305,377.397068380535,0.0006246141900797355,0.024976607516360834,4.328304847508381e-07,0.0,3361.367010116577,6.3693556107962745,-0.2903474663986485,0
CFL_medium_instance_17,CFL_medium_instance_17,medium,0.0008328131502288806,0.9076154806491885,0.0018726591760299626,0.0006430536741390824,0.0504290733587295,0.06627034018336198,0.2310490608215332,0.3267527153873784,0.5335087776184082,0.2746855914592743,0.0,0.6931471824645996,0.0,0.035311200059253305,377.3932847692032,0.0006246051379091595,0.024976607748180574,4.246430058277482e-07,0.04998847064261424,14400.092406988144,6.349974618680176,-0.10859008531825864,0
CFL_medium_instance_18,CFL_medium_instance_18,medium,0.0008328131502288806,0.8976279650436954,0.0018726591760299626,0.0006449930369853973,0.050395855627664736,0.06630076338367917,0.2310490608215332,0.3267527153873784,0.530804455280304,0.27952849864959717,0.0,0.6931471824645996,0.0,0.035311200059253305,377.3652669791196,0.0006246010019547774,0.024976606869608623,4.247601749327679e-07,0.061104040797673946,3600.1756930351257,6.257436554441974,-0.2873541179317461,0
CFL_medium_instance_19,CFL_medium_instance_19,medium,0.0008328131502288806,0.9250936329588015,0.0018726591760299626,0.0006452429224736989,0.05035763206172945,0.06574816950634137,0.2310490608215332,0.3267527153873784,0.5370769500732422,0.27595290541648865,0.0,0.6931471824645996,0.0,0.035311200059253305,377.348505657863,0.0006246154509004498,0.024976606558550336,4.277681123620502e-07,0.04502246852948924,14400.592690944672,6.3624086222374725,0.4402094729384715,0
CFL_medium_instance_2,CFL_medium_instance_2,medium,0.0008328131502288806,0.8863920099875156,0.0018726591760299626,0.0006434859242290258,0.0503844121928269,0.06583769897856608,0.2310490608215332,0.3267527153873784,0.5324409008026123,0.2762692868709564,0.0,0.6931471824645996,0.0,0.035311200059253305,377.36668690928315,0.0006246032850207171,0.0249766060565698,4.3272014309076293e-07,0.012060627477751487,14400.979574918747,6.393215606561526,-1.1891528402493188,0
CFL_medium_instance_4,CFL_medium_instance_4,medium,0.0008328131502288806,0.9275905118601748,0.0018726591760299626,0.0006443472229875624,0.05037341257141805,0.06658535472570211,0.2310490608215332,0.3267527153873784,0.5297178626060486,0.27811694145202637,0.0,0.6931471824645996,0.0,0.035311200059253305,377.388970059039,0.0006245972817776158,0.0249766033580664,4.070292111309254e-07,0.08292930568986612,3600.087931871414,6.183390901659721,1.6018299623482712,0
