source_instance_id,difficulty,threads,source_objective_sense,effective_objective_sense,objective_sense_override_applied,solver_status,mip_gap_relative,termination,optimize_wall_seconds,process_cpu_seconds,process_peak_rss_bytes,primal,dual
CFL_easy_instance_17,easy,1,MAXIMIZE,MINIMIZE,True,2,0.09948407250827532,gap_target_reached,53.486407835036516,53.807209501,266977280,5.109543784909757,4.601225560527587
CFL_medium_instance_1,medium,1,MAXIMIZE,MINIMIZE,True,9,0.8787450435406151,time_limit,300.55941706709564,303.38987301099996,2271858688,22.03251876694274,2.671552103776222
CFL_easy_instance_17,easy,2,MAXIMIZE,MINIMIZE,True,2,0.09980039609753456,gap_target_reached,49.613984279334545,77.15296658999999,529551360,5.451676656187349,4.907597166504169
CFL_medium_instance_1,medium,2,MAXIMIZE,MINIMIZE,True,9,0.8788057395402228,time_limit,300.0795812178403,322.969721927,2444898304,21.269725985827737,2.577768711034498
CFL_easy_instance_17,easy,4,MAXIMIZE,MINIMIZE,True,2,0.09767642157017403,gap_target_reached,59.38867847900838,211.878437694,784642048,5.186015424063327,4.6794639952330925
CFL_medium_instance_1,medium,4,MAXIMIZE,MINIMIZE,True,9,0.8829978090229885,time_limit,300.09766912739724,313.88569239099996,2493509632,22.03251876694274,2.577852968474423
CFL_easy_instance_17,easy,8,MAXIMIZE,MINIMIZE,True,2,0.09799975725049918,gap_target_reached,58.207935431972146,280.70125024000004,1059209216,5.186015424063327,4.677787171407776
CFL_medium_instance_1,medium,8,MAXIMIZE,MINIMIZE,True,9,0.9063090483741709,time_limit,300.1325614405796,381.541006075,2869497856,26.209925257973673,2.45563283946141
CFL_easy_instance_17,easy,16,MAXIMIZE,MINIMIZE,True,2,0.09394170597087062,gap_target_reached,54.84328116942197,383.346672907,1341296640,5.186015424063327,4.69883228793557
CFL_medium_instance_1,medium,16,MAXIMIZE,MINIMIZE,True,9,0.905134209188932,time_limit,300.2029957687482,467.018679792,3558862848,25.891418028876302,2.456209846529293
